fil;bilde;bredde;hoyde;plan;farger;hd_fil;hd_4x;gruppe;beskrivelse
au1.cel;0;44;89;5;32;au1.cel/000.png;176x356;Kamp;Figurer i kamp: et ansikt (bilde 0) og hugg og våpenbiter.
au1.cel;1;17;14;3;8;au1.cel/001.png;68x56;Kamp;Figurer i kamp: et ansikt (bilde 0) og hugg og våpenbiter.
au1.cel;2;24;33;5;32;au1.cel/002.png;96x132;Kamp;Figurer i kamp: et ansikt (bilde 0) og hugg og våpenbiter.
au1.cel;3;20;32;3;8;au1.cel/003.png;80x128;Kamp;Figurer i kamp: et ansikt (bilde 0) og hugg og våpenbiter.
au1.cel;4;18;25;5;32;au1.cel/004.png;72x100;Kamp;Figurer i kamp: et ansikt (bilde 0) og hugg og våpenbiter.
au1.cel;5;14;13;5;32;au1.cel/005.png;56x52;Kamp;Figurer i kamp: et ansikt (bilde 0) og hugg og våpenbiter.
au1.cel;6;26;19;3;8;au1.cel/006.png;104x76;Kamp;Figurer i kamp: et ansikt (bilde 0) og hugg og våpenbiter.
au1.cel;7;30;22;5;32;au1.cel/007.png;120x88;Kamp;Figurer i kamp: et ansikt (bilde 0) og hugg og våpenbiter.
au1.cel;8;8;13;5;32;au1.cel/008.png;32x52;Kamp;Figurer i kamp: et ansikt (bilde 0) og hugg og våpenbiter.
au1.cel;9;20;26;3;8;au1.cel/009.png;80x104;Kamp;Figurer i kamp: et ansikt (bilde 0) og hugg og våpenbiter.
au1.cel;10;14;11;3;8;au1.cel/010.png;56x44;Kamp;Figurer i kamp: et ansikt (bilde 0) og hugg og våpenbiter.
au1.cel;11;29;5;5;32;au1.cel/011.png;116x20;Kamp;Figurer i kamp: et ansikt (bilde 0) og hugg og våpenbiter.
au1.cel;12;45;14;5;32;au1.cel/012.png;180x56;Kamp;Figurer i kamp: et ansikt (bilde 0) og hugg og våpenbiter.
au1.cel;13;16;38;5;32;au1.cel/013.png;64x152;Kamp;Figurer i kamp: et ansikt (bilde 0) og hugg og våpenbiter.
au1.cel;14;22;36;5;32;au1.cel/014.png;88x144;Kamp;Figurer i kamp: et ansikt (bilde 0) og hugg og våpenbiter.
au1.cel;15;17;21;3;8;au1.cel/015.png;68x84;Kamp;Figurer i kamp: et ansikt (bilde 0) og hugg og våpenbiter.
au1.cel;16;15;17;3;8;au1.cel/016.png;60x68;Kamp;Figurer i kamp: et ansikt (bilde 0) og hugg og våpenbiter.
au1.cel;17;25;34;4;16;au1.cel/017.png;100x136;Kamp;Figurer i kamp: et ansikt (bilde 0) og hugg og våpenbiter.
au1.cel;18;43;19;5;32;au1.cel/018.png;172x76;Kamp;Figurer i kamp: et ansikt (bilde 0) og hugg og våpenbiter.
au1.cel;19;23;25;5;32;au1.cel/019.png;92x100;Kamp;Figurer i kamp: et ansikt (bilde 0) og hugg og våpenbiter.
au1.cel;20;14;22;5;32;au1.cel/020.png;56x88;Kamp;Figurer i kamp: et ansikt (bilde 0) og hugg og våpenbiter.
au1.cel;21;58;20;5;32;au1.cel/021.png;232x80;Kamp;Figurer i kamp: et ansikt (bilde 0) og hugg og våpenbiter.
au1.cel;22;30;16;4;16;au1.cel/022.png;120x64;Kamp;Figurer i kamp: et ansikt (bilde 0) og hugg og våpenbiter.
au1.cel;23;55;20;4;16;au1.cel/023.png;220x80;Kamp;Figurer i kamp: et ansikt (bilde 0) og hugg og våpenbiter.
au1.cel;24;21;16;5;32;au1.cel/024.png;84x64;Kamp;Figurer i kamp: et ansikt (bilde 0) og hugg og våpenbiter.
au1.cel;25;20;19;5;32;au1.cel/025.png;80x76;Kamp;Figurer i kamp: et ansikt (bilde 0) og hugg og våpenbiter.
au1.cel;26;31;16;4;16;au1.cel/026.png;124x64;Kamp;Figurer i kamp: et ansikt (bilde 0) og hugg og våpenbiter.
au1.cel;27;27;15;5;32;au1.cel/027.png;108x60;Kamp;Figurer i kamp: et ansikt (bilde 0) og hugg og våpenbiter.
au1.cel;28;7;14;5;32;au1.cel/028.png;28x56;Kamp;Figurer i kamp: et ansikt (bilde 0) og hugg og våpenbiter.
au1.cel;29;15;37;5;32;au1.cel/029.png;60x148;Kamp;Figurer i kamp: et ansikt (bilde 0) og hugg og våpenbiter.
au1.cel;30;8;14;5;32;au1.cel/030.png;32x56;Kamp;Figurer i kamp: et ansikt (bilde 0) og hugg og våpenbiter.
au1.cel;31;31;35;5;32;au1.cel/031.png;124x140;Kamp;Figurer i kamp: et ansikt (bilde 0) og hugg og våpenbiter.
au1.cel;32;16;8;4;16;au1.cel/032.png;64x32;Kamp;Figurer i kamp: et ansikt (bilde 0) og hugg og våpenbiter.
au1.cel;33;19;16;4;16;au1.cel/033.png;76x64;Kamp;Figurer i kamp: et ansikt (bilde 0) og hugg og våpenbiter.
au1.cel;34;18;18;4;16;au1.cel/034.png;72x72;Kamp;Figurer i kamp: et ansikt (bilde 0) og hugg og våpenbiter.
au1.cel;35;28;47;5;32;au1.cel/035.png;112x188;Kamp;Figurer i kamp: et ansikt (bilde 0) og hugg og våpenbiter.
au1.cel;36;13;22;5;32;au1.cel/036.png;52x88;Kamp;Figurer i kamp: et ansikt (bilde 0) og hugg og våpenbiter.
au1.cel;37;20;10;5;32;au1.cel/037.png;80x40;Kamp;Figurer i kamp: et ansikt (bilde 0) og hugg og våpenbiter.
au1.cel;38;13;33;5;32;au1.cel/038.png;52x132;Kamp;Figurer i kamp: et ansikt (bilde 0) og hugg og våpenbiter.
au1.cel;39;6;26;4;16;au1.cel/039.png;24x104;Kamp;Figurer i kamp: et ansikt (bilde 0) og hugg og våpenbiter.
au1.cel;40;25;13;5;32;au1.cel/040.png;100x52;Kamp;Figurer i kamp: et ansikt (bilde 0) og hugg og våpenbiter.
au1.cel;41;8;14;5;32;au1.cel/041.png;32x56;Kamp;Figurer i kamp: et ansikt (bilde 0) og hugg og våpenbiter.
au1.cel;42;30;9;5;32;au1.cel/042.png;120x36;Kamp;Figurer i kamp: et ansikt (bilde 0) og hugg og våpenbiter.
au1.cel;43;25;51;5;32;au1.cel/043.png;100x204;Kamp;Figurer i kamp: et ansikt (bilde 0) og hugg og våpenbiter.
au1.cel;44;25;51;5;32;au1.cel/044.png;100x204;Kamp;Figurer i kamp: et ansikt (bilde 0) og hugg og våpenbiter.
au1.cel;45;8;19;5;32;au1.cel/045.png;32x76;Kamp;Figurer i kamp: et ansikt (bilde 0) og hugg og våpenbiter.
au1.cel;46;25;11;5;32;au1.cel/046.png;100x44;Kamp;Figurer i kamp: et ansikt (bilde 0) og hugg og våpenbiter.
au1.cel;47;7;7;4;16;au1.cel/047.png;28x28;Kamp;Figurer i kamp: et ansikt (bilde 0) og hugg og våpenbiter.
au1.cel;48;21;25;5;32;au1.cel/048.png;84x100;Kamp;Figurer i kamp: et ansikt (bilde 0) og hugg og våpenbiter.
au1.cel;49;57;31;5;32;au1.cel/049.png;228x124;Kamp;Figurer i kamp: et ansikt (bilde 0) og hugg og våpenbiter.
au1.cel;50;30;14;4;16;au1.cel/050.png;120x56;Kamp;Figurer i kamp: et ansikt (bilde 0) og hugg og våpenbiter.
au1.cel;51;14;16;4;16;au1.cel/051.png;56x64;Kamp;Figurer i kamp: et ansikt (bilde 0) og hugg og våpenbiter.
au1.cel;52;17;22;4;16;au1.cel/052.png;68x88;Kamp;Figurer i kamp: et ansikt (bilde 0) og hugg og våpenbiter.
au1.cel;53;9;31;4;16;au1.cel/053.png;36x124;Kamp;Figurer i kamp: et ansikt (bilde 0) og hugg og våpenbiter.
au1.cel;54;23;46;5;32;au1.cel/054.png;92x184;Kamp;Figurer i kamp: et ansikt (bilde 0) og hugg og våpenbiter.
au1.cel;55;11;19;5;32;au1.cel/055.png;44x76;Kamp;Figurer i kamp: et ansikt (bilde 0) og hugg og våpenbiter.
au1.cel;56;31;52;5;32;au1.cel/056.png;124x208;Kamp;Figurer i kamp: et ansikt (bilde 0) og hugg og våpenbiter.
au1.cel;57;18;20;4;16;au1.cel/057.png;72x80;Kamp;Figurer i kamp: et ansikt (bilde 0) og hugg og våpenbiter.
au1.cel;58;17;25;4;16;au1.cel/058.png;68x100;Kamp;Figurer i kamp: et ansikt (bilde 0) og hugg og våpenbiter.
au1.cel;59;24;57;5;32;au1.cel/059.png;96x228;Kamp;Figurer i kamp: et ansikt (bilde 0) og hugg og våpenbiter.
au1.cel;60;30;12;5;32;au1.cel/060.png;120x48;Kamp;Figurer i kamp: et ansikt (bilde 0) og hugg og våpenbiter.
au1.cel;61;13;9;4;16;au1.cel/061.png;52x36;Kamp;Figurer i kamp: et ansikt (bilde 0) og hugg og våpenbiter.
au1.cel;62;24;38;5;32;au1.cel/062.png;96x152;Kamp;Figurer i kamp: et ansikt (bilde 0) og hugg og våpenbiter.
au1.cel;63;16;26;4;16;au1.cel/063.png;64x104;Kamp;Figurer i kamp: et ansikt (bilde 0) og hugg og våpenbiter.
au1.cel;64;32;9;4;16;au1.cel/064.png;128x36;Kamp;Figurer i kamp: et ansikt (bilde 0) og hugg og våpenbiter.
au1.cel;65;61;59;5;32;au1.cel/065.png;244x236;Kamp;Figurer i kamp: et ansikt (bilde 0) og hugg og våpenbiter.
au1.cel;66;17;11;4;16;au1.cel/066.png;68x44;Kamp;Figurer i kamp: et ansikt (bilde 0) og hugg og våpenbiter.
au1.cel;67;30;9;4;16;au1.cel/067.png;120x36;Kamp;Figurer i kamp: et ansikt (bilde 0) og hugg og våpenbiter.
au1.cel;68;10;14;4;16;au1.cel/068.png;40x56;Kamp;Figurer i kamp: et ansikt (bilde 0) og hugg og våpenbiter.
au1.cel;69;144;29;5;32;au1.cel/069.png;576x116;Kamp;Figurer i kamp: et ansikt (bilde 0) og hugg og våpenbiter.
au1.cel;70;14;16;4;16;au1.cel/070.png;56x64;Kamp;Figurer i kamp: et ansikt (bilde 0) og hugg og våpenbiter.
au1.cel;71;27;32;5;32;au1.cel/071.png;108x128;Kamp;Figurer i kamp: et ansikt (bilde 0) og hugg og våpenbiter.
au1.cel;72;10;10;5;32;au1.cel/072.png;40x40;Kamp;Figurer i kamp: et ansikt (bilde 0) og hugg og våpenbiter.
au1.cel;73;36;11;5;32;au1.cel/073.png;144x44;Kamp;Figurer i kamp: et ansikt (bilde 0) og hugg og våpenbiter.
au1.cel;74;26;43;5;32;au1.cel/074.png;104x172;Kamp;Figurer i kamp: et ansikt (bilde 0) og hugg og våpenbiter.
au1.cel;75;74;22;5;32;au1.cel/075.png;296x88;Kamp;Figurer i kamp: et ansikt (bilde 0) og hugg og våpenbiter.
au1.cel;76;85;31;5;32;au1.cel/076.png;340x124;Kamp;Figurer i kamp: et ansikt (bilde 0) og hugg og våpenbiter.
au1.cel;77;92;19;5;32;au1.cel/077.png;368x76;Kamp;Figurer i kamp: et ansikt (bilde 0) og hugg og våpenbiter.
au1.cel;78;21;15;5;32;au1.cel/078.png;84x60;Kamp;Figurer i kamp: et ansikt (bilde 0) og hugg og våpenbiter.
au1.cel;79;20;14;5;32;au1.cel/079.png;80x56;Kamp;Figurer i kamp: et ansikt (bilde 0) og hugg og våpenbiter.
au1.cel;80;41;34;5;32;au1.cel/080.png;164x136;Kamp;Figurer i kamp: et ansikt (bilde 0) og hugg og våpenbiter.
au1.cel;81;24;25;4;16;au1.cel/081.png;96x100;Kamp;Figurer i kamp: et ansikt (bilde 0) og hugg og våpenbiter.
au1.cel;82;20;16;5;32;au1.cel/082.png;80x64;Kamp;Figurer i kamp: et ansikt (bilde 0) og hugg og våpenbiter.
au1.cel;83;32;40;5;32;au1.cel/083.png;128x160;Kamp;Figurer i kamp: et ansikt (bilde 0) og hugg og våpenbiter.
au1.cel;84;21;38;4;16;au1.cel/084.png;84x152;Kamp;Figurer i kamp: et ansikt (bilde 0) og hugg og våpenbiter.
au1.cel;85;22;18;5;32;au1.cel/085.png;88x72;Kamp;Figurer i kamp: et ansikt (bilde 0) og hugg og våpenbiter.
au1.cel;86;40;32;5;32;au1.cel/086.png;160x128;Kamp;Figurer i kamp: et ansikt (bilde 0) og hugg og våpenbiter.
au1.cel;87;34;28;5;32;au1.cel/087.png;136x112;Kamp;Figurer i kamp: et ansikt (bilde 0) og hugg og våpenbiter.
au1.cel;88;42;27;5;32;au1.cel/088.png;168x108;Kamp;Figurer i kamp: et ansikt (bilde 0) og hugg og våpenbiter.
au1.cel;89;38;29;5;32;au1.cel/089.png;152x116;Kamp;Figurer i kamp: et ansikt (bilde 0) og hugg og våpenbiter.
au1.cel;90;18;13;5;32;au1.cel/090.png;72x52;Kamp;Figurer i kamp: et ansikt (bilde 0) og hugg og våpenbiter.
au1.cel;91;15;32;5;32;au1.cel/091.png;60x128;Kamp;Figurer i kamp: et ansikt (bilde 0) og hugg og våpenbiter.
Balok1.CEL;0;37;29;4;16;Balok1.CEL/000.png;148x116;Monster;Balok i kamp, del 1.
Balok1.CEL;1;41;34;4;16;Balok1.CEL/001.png;164x136;Monster;Balok i kamp, del 1.
Balok1.CEL;2;54;30;4;16;Balok1.CEL/002.png;216x120;Monster;Balok i kamp, del 1.
Balok1.CEL;3;74;13;4;16;Balok1.CEL/003.png;296x52;Monster;Balok i kamp, del 1.
Balok1.CEL;4;39;36;4;16;Balok1.CEL/004.png;156x144;Monster;Balok i kamp, del 1.
Balok1.CEL;5;50;35;4;16;Balok1.CEL/005.png;200x140;Monster;Balok i kamp, del 1.
Balok1.CEL;6;74;42;4;16;Balok1.CEL/006.png;296x168;Monster;Balok i kamp, del 1.
Balok1.CEL;7;37;30;4;16;Balok1.CEL/007.png;148x120;Monster;Balok i kamp, del 1.
Balok1.CEL;8;50;43;4;16;Balok1.CEL/008.png;200x172;Monster;Balok i kamp, del 1.
Balok1.CEL;9;22;29;4;16;Balok1.CEL/009.png;88x116;Monster;Balok i kamp, del 1.
Balok1.CEL;10;58;21;4;16;Balok1.CEL/010.png;232x84;Monster;Balok i kamp, del 1.
Balok1.CEL;11;88;11;4;16;Balok1.CEL/011.png;352x44;Monster;Balok i kamp, del 1.
Balok1.CEL;12;20;10;4;16;Balok1.CEL/012.png;80x40;Monster;Balok i kamp, del 1.
Balok1.CEL;13;37;6;2;4;Balok1.CEL/013.png;148x24;Monster;Balok i kamp, del 1.
Balok1.CEL;14;34;15;4;16;Balok1.CEL/014.png;136x60;Monster;Balok i kamp, del 1.
Balok1.CEL;15;59;19;4;16;Balok1.CEL/015.png;236x76;Monster;Balok i kamp, del 1.
Balok1.CEL;16;69;12;3;8;Balok1.CEL/016.png;276x48;Monster;Balok i kamp, del 1.
Balok1.CEL;17;22;30;4;16;Balok1.CEL/017.png;88x120;Monster;Balok i kamp, del 1.
Balok1.CEL;18;24;23;4;16;Balok1.CEL/018.png;96x92;Monster;Balok i kamp, del 1.
Balok1.CEL;19;63;50;4;16;Balok1.CEL/019.png;252x200;Monster;Balok i kamp, del 1.
Balok1.CEL;20;72;10;4;16;Balok1.CEL/020.png;288x40;Monster;Balok i kamp, del 1.
Balok1.CEL;21;21;10;3;8;Balok1.CEL/021.png;84x40;Monster;Balok i kamp, del 1.
Balok1.CEL;22;80;37;4;16;Balok1.CEL/022.png;320x148;Monster;Balok i kamp, del 1.
Balok1.CEL;23;62;17;4;16;Balok1.CEL/023.png;248x68;Monster;Balok i kamp, del 1.
Balok1.CEL;24;29;13;4;16;Balok1.CEL/024.png;116x52;Monster;Balok i kamp, del 1.
Balok1.CEL;25;14;29;3;8;Balok1.CEL/025.png;56x116;Monster;Balok i kamp, del 1.
Balok1.CEL;26;65;13;2;4;Balok1.CEL/026.png;260x52;Monster;Balok i kamp, del 1.
Balok1.CEL;27;75;72;4;16;Balok1.CEL/027.png;300x288;Monster;Balok i kamp, del 1.
Balok1.CEL;28;16;36;4;16;Balok1.CEL/028.png;64x144;Monster;Balok i kamp, del 1.
Balok1.CEL;29;25;74;4;16;Balok1.CEL/029.png;100x296;Monster;Balok i kamp, del 1.
Balok1.CEL;30;15;18;3;8;Balok1.CEL/030.png;60x72;Monster;Balok i kamp, del 1.
Balok1.CEL;31;93;34;4;16;Balok1.CEL/031.png;372x136;Monster;Balok i kamp, del 1.
Balok1.CEL;32;53;33;4;16;Balok1.CEL/032.png;212x132;Monster;Balok i kamp, del 1.
Balok1.CEL;33;76;11;4;16;Balok1.CEL/033.png;304x44;Monster;Balok i kamp, del 1.
Balok1.CEL;34;84;38;4;16;Balok1.CEL/034.png;336x152;Monster;Balok i kamp, del 1.
Balok1.CEL;35;48;24;4;16;Balok1.CEL/035.png;192x96;Monster;Balok i kamp, del 1.
Balok1.CEL;36;74;11;4;16;Balok1.CEL/036.png;296x44;Monster;Balok i kamp, del 1.
Balok1.CEL;37;34;20;4;16;Balok1.CEL/037.png;136x80;Monster;Balok i kamp, del 1.
Balok1.CEL;38;81;43;4;16;Balok1.CEL/038.png;324x172;Monster;Balok i kamp, del 1.
Balok1.CEL;39;48;27;4;16;Balok1.CEL/039.png;192x108;Monster;Balok i kamp, del 1.
Balok1.CEL;40;72;12;4;16;Balok1.CEL/040.png;288x48;Monster;Balok i kamp, del 1.
Balok1.CEL;41;81;50;4;16;Balok1.CEL/041.png;324x200;Monster;Balok i kamp, del 1.
Balok1.CEL;42;46;22;4;16;Balok1.CEL/042.png;184x88;Monster;Balok i kamp, del 1.
Balok1.CEL;43;75;10;4;16;Balok1.CEL/043.png;300x40;Monster;Balok i kamp, del 1.
Balok1.CEL;44;36;49;4;16;Balok1.CEL/044.png;144x196;Monster;Balok i kamp, del 1.
Balok1.CEL;45;54;58;4;16;Balok1.CEL/045.png;216x232;Monster;Balok i kamp, del 1.
Balok1.CEL;46;19;16;4;16;Balok1.CEL/046.png;76x64;Monster;Balok i kamp, del 1.
Balok1.CEL;47;39;30;4;16;Balok1.CEL/047.png;156x120;Monster;Balok i kamp, del 1.
Balok1.CEL;48;46;40;4;16;Balok1.CEL/048.png;184x160;Monster;Balok i kamp, del 1.
Balok1.CEL;49;17;24;4;16;Balok1.CEL/049.png;68x96;Monster;Balok i kamp, del 1.
Balok1.CEL;50;57;14;4;16;Balok1.CEL/050.png;228x56;Monster;Balok i kamp, del 1.
Balok1.CEL;51;5;14;4;16;Balok1.CEL/051.png;20x56;Monster;Balok i kamp, del 1.
Balok1.CEL;52;8;13;4;16;Balok1.CEL/052.png;32x52;Monster;Balok i kamp, del 1.
Balok1.CEL;53;15;16;4;16;Balok1.CEL/053.png;60x64;Monster;Balok i kamp, del 1.
Balok1.CEL;54;8;19;4;16;Balok1.CEL/054.png;32x76;Monster;Balok i kamp, del 1.
Balok1.CEL;55;28;20;4;16;Balok1.CEL/055.png;112x80;Monster;Balok i kamp, del 1.
Balok1.CEL;56;27;2;4;16;Balok1.CEL/056.png;108x8;Monster;Balok i kamp, del 1.
Balok1.CEL;57;8;7;4;16;Balok1.CEL/057.png;32x28;Monster;Balok i kamp, del 1.
Balok1.CEL;58;29;3;4;16;Balok1.CEL/058.png;116x12;Monster;Balok i kamp, del 1.
Balok1.CEL;59;11;7;4;16;Balok1.CEL/059.png;44x28;Monster;Balok i kamp, del 1.
Balok1.CEL;60;37;3;4;16;Balok1.CEL/060.png;148x12;Monster;Balok i kamp, del 1.
Balok1.CEL;61;18;8;4;16;Balok1.CEL/061.png;72x32;Monster;Balok i kamp, del 1.
Balok1.CEL;62;40;3;4;16;Balok1.CEL/062.png;160x12;Monster;Balok i kamp, del 1.
Balok1.CEL;63;23;3;4;16;Balok1.CEL/063.png;92x12;Monster;Balok i kamp, del 1.
Balok1.CEL;64;44;3;4;16;Balok1.CEL/064.png;176x12;Monster;Balok i kamp, del 1.
Balok1.CEL;65;27;2;4;16;Balok1.CEL/065.png;108x8;Monster;Balok i kamp, del 1.
Balok1.CEL;66;48;5;4;16;Balok1.CEL/066.png;192x20;Monster;Balok i kamp, del 1.
Balok1.CEL;67;30;3;4;16;Balok1.CEL/067.png;120x12;Monster;Balok i kamp, del 1.
Balok1.CEL;68;54;4;4;16;Balok1.CEL/068.png;216x16;Monster;Balok i kamp, del 1.
Balok1.CEL;69;9;6;4;16;Balok1.CEL/069.png;36x24;Monster;Balok i kamp, del 1.
Balok2.CEL;0;69;9;2;4;Balok2.CEL/000.png;276x36;Monster;Balok i kamp, del 2.
Balok2.CEL;1;5;4;0;0;Balok2.CEL/001.png;20x16;Monster;Balok i kamp, del 2.
Balok2.CEL;2;5;4;0;0;Balok2.CEL/002.png;20x16;Monster;Balok i kamp, del 2.
Balok2.CEL;3;5;4;0;0;Balok2.CEL/003.png;20x16;Monster;Balok i kamp, del 2.
Balok2.CEL;4;5;4;0;0;Balok2.CEL/004.png;20x16;Monster;Balok i kamp, del 2.
Balok2.CEL;5;5;4;0;0;Balok2.CEL/005.png;20x16;Monster;Balok i kamp, del 2.
Balok2.CEL;6;5;4;0;0;Balok2.CEL/006.png;20x16;Monster;Balok i kamp, del 2.
Balok2.CEL;7;27;34;4;16;Balok2.CEL/007.png;108x136;Monster;Balok i kamp, del 2.
Balok2.CEL;8;33;28;4;16;Balok2.CEL/008.png;132x112;Monster;Balok i kamp, del 2.
Balok2.CEL;9;40;32;4;16;Balok2.CEL/009.png;160x128;Monster;Balok i kamp, del 2.
Balok2.CEL;10;19;21;4;16;Balok2.CEL/010.png;76x84;Monster;Balok i kamp, del 2.
Balok2.CEL;11;27;21;4;16;Balok2.CEL/011.png;108x84;Monster;Balok i kamp, del 2.
Balok2.CEL;12;36;10;4;16;Balok2.CEL/012.png;144x40;Monster;Balok i kamp, del 2.
Balok2.CEL;13;44;27;4;16;Balok2.CEL/013.png;176x108;Monster;Balok i kamp, del 2.
Balok2.CEL;14;15;30;2;4;Balok2.CEL/014.png;60x120;Monster;Balok i kamp, del 2.
Balok2.CEL;15;20;29;2;4;Balok2.CEL/015.png;80x116;Monster;Balok i kamp, del 2.
Balok2.CEL;16;15;30;2;4;Balok2.CEL/016.png;60x120;Monster;Balok i kamp, del 2.
Balok2.CEL;17;40;33;4;16;Balok2.CEL/017.png;160x132;Monster;Balok i kamp, del 2.
Balok2.CEL;18;46;39;4;16;Balok2.CEL/018.png;184x156;Monster;Balok i kamp, del 2.
Balok2.CEL;19;14;34;4;16;Balok2.CEL/019.png;56x136;Monster;Balok i kamp, del 2.
Balok2.CEL;20;14;13;3;8;Balok2.CEL/020.png;56x52;Monster;Balok i kamp, del 2.
Balok2.CEL;21;25;10;4;16;Balok2.CEL/021.png;100x40;Monster;Balok i kamp, del 2.
Balok2.CEL;22;29;32;4;16;Balok2.CEL/022.png;116x128;Monster;Balok i kamp, del 2.
Balok2.CEL;23;8;20;3;8;Balok2.CEL/023.png;32x80;Monster;Balok i kamp, del 2.
Balok2.CEL;24;37;67;4;16;Balok2.CEL/024.png;148x268;Monster;Balok i kamp, del 2.
Balok2.CEL;25;35;23;3;8;Balok2.CEL/025.png;140x92;Monster;Balok i kamp, del 2.
Balok3.CEL;0;16;14;4;16;Balok3.CEL/000.png;64x56;Monster;Balok i kamp, del 3 (blod og kropp).
Balok3.CEL;1;33;50;4;16;Balok3.CEL/001.png;132x200;Monster;Balok i kamp, del 3 (blod og kropp).
Balok3.CEL;2;20;73;4;16;Balok3.CEL/002.png;80x292;Monster;Balok i kamp, del 3 (blod og kropp).
Balok3.CEL;3;37;30;4;16;Balok3.CEL/003.png;148x120;Monster;Balok i kamp, del 3 (blod og kropp).
Balok3.CEL;4;46;42;4;16;Balok3.CEL/004.png;184x168;Monster;Balok i kamp, del 3 (blod og kropp).
Balok3.CEL;5;21;25;4;16;Balok3.CEL/005.png;84x100;Monster;Balok i kamp, del 3 (blod og kropp).
Balok3.CEL;6;65;44;4;16;Balok3.CEL/006.png;260x176;Monster;Balok i kamp, del 3 (blod og kropp).
Balok3.CEL;7;39;43;4;16;Balok3.CEL/007.png;156x172;Monster;Balok i kamp, del 3 (blod og kropp).
Balok3.CEL;8;15;13;4;16;Balok3.CEL/008.png;60x52;Monster;Balok i kamp, del 3 (blod og kropp).
Balok3.CEL;9;13;6;4;16;Balok3.CEL/009.png;52x24;Monster;Balok i kamp, del 3 (blod og kropp).
Balok3.CEL;10;31;8;4;16;Balok3.CEL/010.png;124x32;Monster;Balok i kamp, del 3 (blod og kropp).
Balok3.CEL;11;32;15;4;16;Balok3.CEL/011.png;128x60;Monster;Balok i kamp, del 3 (blod og kropp).
Balok3.CEL;12;42;22;4;16;Balok3.CEL/012.png;168x88;Monster;Balok i kamp, del 3 (blod og kropp).
Balok3.CEL;13;25;21;4;16;Balok3.CEL/013.png;100x84;Monster;Balok i kamp, del 3 (blod og kropp).
Balok3.CEL;14;35;34;4;16;Balok3.CEL/014.png;140x136;Monster;Balok i kamp, del 3 (blod og kropp).
Balok3.CEL;15;12;29;4;16;Balok3.CEL/015.png;48x116;Monster;Balok i kamp, del 3 (blod og kropp).
Balok3.CEL;16;13;22;4;16;Balok3.CEL/016.png;52x88;Monster;Balok i kamp, del 3 (blod og kropp).
Balok3.CEL;17;15;11;4;16;Balok3.CEL/017.png;60x44;Monster;Balok i kamp, del 3 (blod og kropp).
Balok3.CEL;18;26;21;4;16;Balok3.CEL/018.png;104x84;Monster;Balok i kamp, del 3 (blod og kropp).
Balok3.CEL;19;20;61;4;16;Balok3.CEL/019.png;80x244;Monster;Balok i kamp, del 3 (blod og kropp).
Balok3.CEL;20;11;19;4;16;Balok3.CEL/020.png;44x76;Monster;Balok i kamp, del 3 (blod og kropp).
Balok3.CEL;21;18;14;4;16;Balok3.CEL/021.png;72x56;Monster;Balok i kamp, del 3 (blod og kropp).
Balok3.CEL;22;37;27;4;16;Balok3.CEL/022.png;148x108;Monster;Balok i kamp, del 3 (blod og kropp).
Balok3.CEL;23;15;20;4;16;Balok3.CEL/023.png;60x80;Monster;Balok i kamp, del 3 (blod og kropp).
Balok3.CEL;24;25;10;4;16;Balok3.CEL/024.png;100x40;Monster;Balok i kamp, del 3 (blod og kropp).
Balok3.CEL;25;29;32;4;16;Balok3.CEL/025.png;116x128;Monster;Balok i kamp, del 3 (blod og kropp).
Balok3.CEL;26;14;34;4;16;Balok3.CEL/026.png;56x136;Monster;Balok i kamp, del 3 (blod og kropp).
Balok3.CEL;27;14;13;3;8;Balok3.CEL/027.png;56x52;Monster;Balok i kamp, del 3 (blod og kropp).
Balok3.CEL;28;42;31;4;16;Balok3.CEL/028.png;168x124;Monster;Balok i kamp, del 3 (blod og kropp).
Balok3.CEL;29;39;41;4;16;Balok3.CEL/029.png;156x164;Monster;Balok i kamp, del 3 (blod og kropp).
Balok3.CEL;30;19;33;4;16;Balok3.CEL/030.png;76x132;Monster;Balok i kamp, del 3 (blod og kropp).
Balok3.CEL;31;48;33;4;16;Balok3.CEL/031.png;192x132;Monster;Balok i kamp, del 3 (blod og kropp).
Balok3.CEL;32;22;26;4;16;Balok3.CEL/032.png;88x104;Monster;Balok i kamp, del 3 (blod og kropp).
Balok3.CEL;33;23;19;4;16;Balok3.CEL/033.png;92x76;Monster;Balok i kamp, del 3 (blod og kropp).
Balok3.CEL;34;9;11;4;16;Balok3.CEL/034.png;36x44;Monster;Balok i kamp, del 3 (blod og kropp).
Balok3.CEL;35;17;20;4;16;Balok3.CEL/035.png;68x80;Monster;Balok i kamp, del 3 (blod og kropp).
Balok3.CEL;36;29;18;4;16;Balok3.CEL/036.png;116x72;Monster;Balok i kamp, del 3 (blod og kropp).
Balok3.CEL;37;20;11;4;16;Balok3.CEL/037.png;80x44;Monster;Balok i kamp, del 3 (blod og kropp).
Balok3.CEL;38;12;3;4;16;Balok3.CEL/038.png;48x12;Monster;Balok i kamp, del 3 (blod og kropp).
Balok3.CEL;39;17;26;4;16;Balok3.CEL/039.png;68x104;Monster;Balok i kamp, del 3 (blod og kropp).
Balok3.CEL;40;12;18;4;16;Balok3.CEL/040.png;48x72;Monster;Balok i kamp, del 3 (blod og kropp).
Balok3.CEL;41;7;17;4;16;Balok3.CEL/041.png;28x68;Monster;Balok i kamp, del 3 (blod og kropp).
Balok3.CEL;42;16;9;4;16;Balok3.CEL/042.png;64x36;Monster;Balok i kamp, del 3 (blod og kropp).
Balok3.CEL;43;15;18;4;16;Balok3.CEL/043.png;60x72;Monster;Balok i kamp, del 3 (blod og kropp).
Balok3.CEL;44;31;27;4;16;Balok3.CEL/044.png;124x108;Monster;Balok i kamp, del 3 (blod og kropp).
Balok3.CEL;45;18;32;4;16;Balok3.CEL/045.png;72x128;Monster;Balok i kamp, del 3 (blod og kropp).
Balok3.CEL;46;11;20;4;16;Balok3.CEL/046.png;44x80;Monster;Balok i kamp, del 3 (blod og kropp).
Balok3.CEL;47;23;30;4;16;Balok3.CEL/047.png;92x120;Monster;Balok i kamp, del 3 (blod og kropp).
Balok3.CEL;48;16;16;4;16;Balok3.CEL/048.png;64x64;Monster;Balok i kamp, del 3 (blod og kropp).
Balok3.CEL;49;16;16;4;16;Balok3.CEL/049.png;64x64;Monster;Balok i kamp, del 3 (blod og kropp).
Balok3.CEL;50;11;10;4;16;Balok3.CEL/050.png;44x40;Monster;Balok i kamp, del 3 (blod og kropp).
Balok3.CEL;51;18;18;4;16;Balok3.CEL/051.png;72x72;Monster;Balok i kamp, del 3 (blod og kropp).
Balok3.CEL;52;7;26;4;16;Balok3.CEL/052.png;28x104;Monster;Balok i kamp, del 3 (blod og kropp).
Balok3.CEL;53;11;24;4;16;Balok3.CEL/053.png;44x96;Monster;Balok i kamp, del 3 (blod og kropp).
Balok3.CEL;54;9;16;4;16;Balok3.CEL/054.png;36x64;Monster;Balok i kamp, del 3 (blod og kropp).
Balok3.CEL;55;12;26;4;16;Balok3.CEL/055.png;48x104;Monster;Balok i kamp, del 3 (blod og kropp).
Balok3.CEL;56;17;24;4;16;Balok3.CEL/056.png;68x96;Monster;Balok i kamp, del 3 (blod og kropp).
Balok3.CEL;57;24;18;4;16;Balok3.CEL/057.png;96x72;Monster;Balok i kamp, del 3 (blod og kropp).
Balok3.CEL;58;27;15;4;16;Balok3.CEL/058.png;108x60;Monster;Balok i kamp, del 3 (blod og kropp).
Balok3.CEL;59;36;6;4;16;Balok3.CEL/059.png;144x24;Monster;Balok i kamp, del 3 (blod og kropp).
be1.c;0;60;39;4;16;be1.c/000.png;240x156;Monster;Beistet (ulvelignende) i kamp.
be1.c;1;63;43;4;16;be1.c/001.png;252x172;Monster;Beistet (ulvelignende) i kamp.
be1.c;2;18;43;4;16;be1.c/002.png;72x172;Monster;Beistet (ulvelignende) i kamp.
be1.c;3;36;25;4;16;be1.c/003.png;144x100;Monster;Beistet (ulvelignende) i kamp.
be1.c;4;60;40;4;16;be1.c/004.png;240x160;Monster;Beistet (ulvelignende) i kamp.
be1.c;5;64;43;4;16;be1.c/005.png;256x172;Monster;Beistet (ulvelignende) i kamp.
be1.c;6;53;37;4;16;be1.c/006.png;212x148;Monster;Beistet (ulvelignende) i kamp.
be1.c;7;50;30;4;16;be1.c/007.png;200x120;Monster;Beistet (ulvelignende) i kamp.
be1.c;8;19;41;4;16;be1.c/008.png;76x164;Monster;Beistet (ulvelignende) i kamp.
be1.c;9;36;47;4;16;be1.c/009.png;144x188;Monster;Beistet (ulvelignende) i kamp.
be1.c;10;43;36;4;16;be1.c/010.png;172x144;Monster;Beistet (ulvelignende) i kamp.
be1.c;11;43;20;4;16;be1.c/011.png;172x80;Monster;Beistet (ulvelignende) i kamp.
be1.c;12;42;22;4;16;be1.c/012.png;168x88;Monster;Beistet (ulvelignende) i kamp.
be1.c;13;15;24;3;8;be1.c/013.png;60x96;Monster;Beistet (ulvelignende) i kamp.
be1.c;14;20;19;2;4;be1.c/014.png;80x76;Monster;Beistet (ulvelignende) i kamp.
be1.c;15;13;5;2;4;be1.c/015.png;52x20;Monster;Beistet (ulvelignende) i kamp.
be1.c;16;36;8;3;8;be1.c/016.png;144x32;Monster;Beistet (ulvelignende) i kamp.
be1.c;17;1;1;0;0;be1.c/017.png;4x4;Monster;Beistet (ulvelignende) i kamp.
be1.c;18;32;8;3;8;be1.c/018.png;128x32;Monster;Beistet (ulvelignende) i kamp.
be1.c;19;1;1;0;0;be1.c/019.png;4x4;Monster;Beistet (ulvelignende) i kamp.
be1.c;20;67;42;4;16;be1.c/020.png;268x168;Monster;Beistet (ulvelignende) i kamp.
be1.c;21;31;25;4;16;be1.c/021.png;124x100;Monster;Beistet (ulvelignende) i kamp.
be1.c;22;64;27;4;16;be1.c/022.png;256x108;Monster;Beistet (ulvelignende) i kamp.
be1.c;23;47;21;4;16;be1.c/023.png;188x84;Monster;Beistet (ulvelignende) i kamp.
be1.c;24;40;20;4;16;be1.c/024.png;160x80;Monster;Beistet (ulvelignende) i kamp.
be1.c;25;54;26;4;16;be1.c/025.png;216x104;Monster;Beistet (ulvelignende) i kamp.
be1.c;26;37;23;4;16;be1.c/026.png;148x92;Monster;Beistet (ulvelignende) i kamp.
be1.c;27;43;40;4;16;be1.c/027.png;172x160;Monster;Beistet (ulvelignende) i kamp.
be1.c;28;83;33;4;16;be1.c/028.png;332x132;Monster;Beistet (ulvelignende) i kamp.
be1.c;29;75;40;4;16;be1.c/029.png;300x160;Monster;Beistet (ulvelignende) i kamp.
be1.c;30;9;17;4;16;be1.c/030.png;36x68;Monster;Beistet (ulvelignende) i kamp.
be1.c;31;9;10;4;16;be1.c/031.png;36x40;Monster;Beistet (ulvelignende) i kamp.
be1.c;32;8;15;4;16;be1.c/032.png;32x60;Monster;Beistet (ulvelignende) i kamp.
be1.c;33;8;12;4;16;be1.c/033.png;32x48;Monster;Beistet (ulvelignende) i kamp.
be1.c;34;26;31;4;16;be1.c/034.png;104x124;Monster;Beistet (ulvelignende) i kamp.
be1.c;35;14;16;4;16;be1.c/035.png;56x64;Monster;Beistet (ulvelignende) i kamp.
be1.c;36;41;37;4;16;be1.c/036.png;164x148;Monster;Beistet (ulvelignende) i kamp.
be1.c;37;14;24;4;16;be1.c/037.png;56x96;Monster;Beistet (ulvelignende) i kamp.
be1.c;38;45;30;4;16;be1.c/038.png;180x120;Monster;Beistet (ulvelignende) i kamp.
be1.c;39;10;20;4;16;be1.c/039.png;40x80;Monster;Beistet (ulvelignende) i kamp.
be1.c;40;60;38;4;16;be1.c/040.png;240x152;Monster;Beistet (ulvelignende) i kamp.
be1.c;41;62;32;4;16;be1.c/041.png;248x128;Monster;Beistet (ulvelignende) i kamp.
be1.c;42;29;15;4;16;be1.c/042.png;116x60;Monster;Beistet (ulvelignende) i kamp.
be1.c;43;3;13;4;16;be1.c/043.png;12x52;Monster;Beistet (ulvelignende) i kamp.
be1.c;44;5;5;0;0;be1.c/044.png;20x20;Monster;Beistet (ulvelignende) i kamp.
be1.c;45;5;5;0;0;be1.c/045.png;20x20;Monster;Beistet (ulvelignende) i kamp.
be1.c;46;65;56;4;16;be1.c/046.png;260x224;Monster;Beistet (ulvelignende) i kamp.
be1.c;47;18;13;4;16;be1.c/047.png;72x52;Monster;Beistet (ulvelignende) i kamp.
be1.c;48;28;32;4;16;be1.c/048.png;112x128;Monster;Beistet (ulvelignende) i kamp.
be1.c;49;32;29;4;16;be1.c/049.png;128x116;Monster;Beistet (ulvelignende) i kamp.
be1.c;50;11;18;4;16;be1.c/050.png;44x72;Monster;Beistet (ulvelignende) i kamp.
be1.c;51;19;20;4;16;be1.c/051.png;76x80;Monster;Beistet (ulvelignende) i kamp.
be1.c;52;8;25;4;16;be1.c/052.png;32x100;Monster;Beistet (ulvelignende) i kamp.
be1.c;53;5;29;4;16;be1.c/053.png;20x116;Monster;Beistet (ulvelignende) i kamp.
be1.c;54;69;9;2;4;be1.c/054.png;276x36;Monster;Beistet (ulvelignende) i kamp.
be1.c;55;15;30;2;4;be1.c/055.png;60x120;Monster;Beistet (ulvelignende) i kamp.
be1.c;56;20;29;2;4;be1.c/056.png;80x116;Monster;Beistet (ulvelignende) i kamp.
be1.c;57;15;30;2;4;be1.c/057.png;60x120;Monster;Beistet (ulvelignende) i kamp.
be1.c;58;85;18;4;16;be1.c/058.png;340x72;Monster;Beistet (ulvelignende) i kamp.
be1.c;59;32;40;4;16;be1.c/059.png;128x160;Monster;Beistet (ulvelignende) i kamp.
be1.c;60;36;59;4;16;be1.c/060.png;144x236;Monster;Beistet (ulvelignende) i kamp.
be1.c;61;28;61;4;16;be1.c/061.png;112x244;Monster;Beistet (ulvelignende) i kamp.
be1.c;62;16;17;4;16;be1.c/062.png;64x68;Monster;Beistet (ulvelignende) i kamp.
be1.c;63;23;18;4;16;be1.c/063.png;92x72;Monster;Beistet (ulvelignende) i kamp.
be1.c;64;48;31;4;16;be1.c/064.png;192x124;Monster;Beistet (ulvelignende) i kamp.
be1.c;65;18;34;4;16;be1.c/065.png;72x136;Monster;Beistet (ulvelignende) i kamp.
be1.c;66;26;25;4;16;be1.c/066.png;104x100;Monster;Beistet (ulvelignende) i kamp.
be1.c;67;54;11;4;16;be1.c/067.png;216x44;Monster;Beistet (ulvelignende) i kamp.
be1.c;68;47;8;4;16;be1.c/068.png;188x32;Monster;Beistet (ulvelignende) i kamp.
be1.c;69;54;5;4;16;be1.c/069.png;216x20;Monster;Beistet (ulvelignende) i kamp.
be1.c;70;7;36;4;16;be1.c/070.png;28x144;Monster;Beistet (ulvelignende) i kamp.
be1.c;71;10;46;4;16;be1.c/071.png;40x184;Monster;Beistet (ulvelignende) i kamp.
be1.c;72;9;27;4;16;be1.c/072.png;36x108;Monster;Beistet (ulvelignende) i kamp.
be1.c;73;16;10;4;16;be1.c/073.png;64x40;Monster;Beistet (ulvelignende) i kamp.
be1.c;74;31;6;4;16;be1.c/074.png;124x24;Monster;Beistet (ulvelignende) i kamp.
be1.c;75;35;3;4;16;be1.c/075.png;140x12;Monster;Beistet (ulvelignende) i kamp.
be1.c;76;17;9;4;16;be1.c/076.png;68x36;Monster;Beistet (ulvelignende) i kamp.
be1.c;77;17;14;4;16;be1.c/077.png;68x56;Monster;Beistet (ulvelignende) i kamp.
be1.c;78;17;9;4;16;be1.c/078.png;68x36;Monster;Beistet (ulvelignende) i kamp.
be1.c;79;25;3;4;16;be1.c/079.png;100x12;Monster;Beistet (ulvelignende) i kamp.
be1.c;80;16;9;4;16;be1.c/080.png;64x36;Monster;Beistet (ulvelignende) i kamp.
be1.c;81;29;4;4;16;be1.c/081.png;116x16;Monster;Beistet (ulvelignende) i kamp.
be1.c;82;14;9;4;16;be1.c/082.png;56x36;Monster;Beistet (ulvelignende) i kamp.
be1.c;83;31;4;4;16;be1.c/083.png;124x16;Monster;Beistet (ulvelignende) i kamp.
be1.c;84;15;9;4;16;be1.c/084.png;60x36;Monster;Beistet (ulvelignende) i kamp.
be1.c;85;39;5;4;16;be1.c/085.png;156x20;Monster;Beistet (ulvelignende) i kamp.
be1.c;86;7;4;4;16;be1.c/086.png;28x16;Monster;Beistet (ulvelignende) i kamp.
be1.c;87;41;6;4;16;be1.c/087.png;164x24;Monster;Beistet (ulvelignende) i kamp.
be1.c;88;39;18;4;16;be1.c/088.png;156x72;Monster;Beistet (ulvelignende) i kamp.
be1.c;89;27;16;4;16;be1.c/089.png;108x64;Monster;Beistet (ulvelignende) i kamp.
be1.c;90;38;12;4;16;be1.c/090.png;152x48;Monster;Beistet (ulvelignende) i kamp.
be1.c;91;21;24;4;16;be1.c/091.png;84x96;Monster;Beistet (ulvelignende) i kamp.
be1.c;92;18;7;4;16;be1.c/092.png;72x28;Monster;Beistet (ulvelignende) i kamp.
be1.c;93;17;22;4;16;be1.c/093.png;68x88;Monster;Beistet (ulvelignende) i kamp.
be1.c;94;17;24;4;16;be1.c/094.png;68x96;Monster;Beistet (ulvelignende) i kamp.
be1.c;95;11;19;4;16;be1.c/095.png;44x76;Monster;Beistet (ulvelignende) i kamp.
be1.c;96;33;4;4;16;be1.c/096.png;132x16;Monster;Beistet (ulvelignende) i kamp.
be1.c;97;14;16;4;16;be1.c/097.png;56x64;Monster;Beistet (ulvelignende) i kamp.
be1.c;98;33;4;4;16;be1.c/098.png;132x16;Monster;Beistet (ulvelignende) i kamp.
be1.c;99;37;5;4;16;be1.c/099.png;148x20;Monster;Beistet (ulvelignende) i kamp.
be2.c;0;59;27;4;16;be2.c/000.png;236x108;Monster;Beistet: blod og hugg.
be2.c;1;69;31;4;16;be2.c/001.png;276x124;Monster;Beistet: blod og hugg.
be2.c;2;17;32;4;16;be2.c/002.png;68x128;Monster;Beistet: blod og hugg.
be2.c;3;29;19;4;16;be2.c/003.png;116x76;Monster;Beistet: blod og hugg.
be2.c;4;18;34;4;16;be2.c/004.png;72x136;Monster;Beistet: blod og hugg.
be2.c;5;24;39;4;16;be2.c/005.png;96x156;Monster;Beistet: blod og hugg.
be2.c;6;34;12;4;16;be2.c/006.png;136x48;Monster;Beistet: blod og hugg.
be2.c;7;49;13;4;16;be2.c/007.png;196x52;Monster;Beistet: blod og hugg.
be2.c;8;53;14;4;16;be2.c/008.png;212x56;Monster;Beistet: blod og hugg.
be2.c;9;53;14;4;16;be2.c/009.png;212x56;Monster;Beistet: blod og hugg.
be2.c;10;53;14;4;16;be2.c/010.png;212x56;Monster;Beistet: blod og hugg.
be2.c;11;55;14;4;16;be2.c/011.png;220x56;Monster;Beistet: blod og hugg.
be2.c;12;31;24;4;16;be2.c/012.png;124x96;Monster;Beistet: blod og hugg.
be2.c;13;66;8;4;16;be2.c/013.png;264x32;Monster;Beistet: blod og hugg.
be2.c;14;14;10;4;16;be2.c/014.png;56x40;Monster;Beistet: blod og hugg.
be2.c;15;39;7;4;16;be2.c/015.png;156x28;Monster;Beistet: blod og hugg.
be2.c;16;24;15;4;16;be2.c/016.png;96x60;Monster;Beistet: blod og hugg.
be2.c;17;28;17;4;16;be2.c/017.png;112x68;Monster;Beistet: blod og hugg.
be2.c;18;18;21;4;16;be2.c/018.png;72x84;Monster;Beistet: blod og hugg.
be2.c;19;18;9;4;16;be2.c/019.png;72x36;Monster;Beistet: blod og hugg.
be2.c;20;23;5;4;16;be2.c/020.png;92x20;Monster;Beistet: blod og hugg.
be2.c;21;15;24;4;16;be2.c/021.png;60x96;Monster;Beistet: blod og hugg.
be2.c;22;30;2;4;16;be2.c/022.png;120x8;Monster;Beistet: blod og hugg.
be2.c;23;5;16;4;16;be2.c/023.png;20x64;Monster;Beistet: blod og hugg.
be2.c;24;26;3;4;16;be2.c/024.png;104x12;Monster;Beistet: blod og hugg.
be2.c;25;10;15;4;16;be2.c/025.png;40x60;Monster;Beistet: blod og hugg.
be2.c;26;39;3;4;16;be2.c/026.png;156x12;Monster;Beistet: blod og hugg.
be2.c;27;35;5;4;16;be2.c/027.png;140x20;Monster;Beistet: blod og hugg.
be2.c;28;39;7;4;16;be2.c/028.png;156x28;Monster;Beistet: blod og hugg.
be2.c;29;39;7;4;16;be2.c/029.png;156x28;Monster;Beistet: blod og hugg.
be2.c;30;36;8;4;16;be2.c/030.png;144x32;Monster;Beistet: blod og hugg.
be2.c;31;40;9;4;16;be2.c/031.png;160x36;Monster;Beistet: blod og hugg.
be2.c;32;44;9;4;16;be2.c/032.png;176x36;Monster;Beistet: blod og hugg.
be2.c;33;66;35;4;16;be2.c/033.png;264x140;Monster;Beistet: blod og hugg.
bg1a.PIV;0;320;200;5;32;bg/HASH.png (Lagre bakgrunnen);1280x800;Kamp;Kampbakgrunn: fullmåne over en skog om natten.
bg1b.PIV;0;320;200;5;32;bg/HASH.png (Lagre bakgrunnen);1280x800;Kamp;Kampbakgrunn: skog med tykke stammer om natten.
bg1c.PIV;0;320;200;5;32;bg/HASH.png (Lagre bakgrunnen);1280x800;Kamp;Kampbakgrunn: mørk skog, nesten uten lys.
bg2.PIV;0;320;200;5;32;bg/HASH.png (Lagre bakgrunnen);1280x800;Sted;Stonehenge om natten.
bg2a.PIV;0;320;200;5;32;bg/HASH.png (Lagre bakgrunnen);1280x800;Sted;Stonehenge med en ridder i rustning foran (druidene).
bg3.PIV;0;320;200;5;32;bg/HASH.png (Lagre bakgrunnen);1280x800;Sted;Steinsirkelen sett ovenfra.
bg4.PIV;0;320;200;5;32;bg/HASH.png (Lagre bakgrunnen);1280x800;Sted;Alteret med Moonstone-skiven.
bg5.piv;0;320;200;5;32;bg/HASH.png (Lagre bakgrunnen);1280x800;Sted;Valley of the Gods: templet med statuer.
bg5a.PIV;0;320;200;5;32;bg/HASH.png (Lagre bakgrunnen);1280x800;Sted;Valley of the Gods: virvelen (portalen).
bg7.PIV;0;320;200;4;16;bg/HASH.png (Lagre bakgrunnen);1280x800;Sted;Virvel over vann.
bg8.PIV;0;320;200;5;32;bg/HASH.png (Lagre bakgrunnen);1280x800;Tittel;Stjernehimmel over trærne (introen).
blo.cel;0;20;11;4;16;blo.cel/000.png;80x44;Kamp;Blodsprut.
blo.cel;1;12;13;4;16;blo.cel/001.png;48x52;Kamp;Blodsprut.
blo.cel;2;13;5;4;16;blo.cel/002.png;52x20;Kamp;Blodsprut.
blo.cel;3;11;17;4;16;blo.cel/003.png;44x68;Kamp;Blodsprut.
blo.cel;4;5;3;4;16;blo.cel/004.png;20x12;Kamp;Blodsprut.
blo.cel;5;23;23;4;16;blo.cel/005.png;92x92;Kamp;Blodsprut.
blo.cel;6;16;10;4;16;blo.cel/006.png;64x40;Kamp;Blodsprut.
blo.cel;7;11;7;4;16;blo.cel/007.png;44x28;Kamp;Blodsprut.
blo.cel;8;14;17;4;16;blo.cel/008.png;56x68;Kamp;Blodsprut.
blo.cel;9;54;12;4;16;blo.cel/009.png;216x48;Kamp;Blodsprut.
blo.cel;10;8;9;4;16;blo.cel/010.png;32x36;Kamp;Blodsprut.
blo.cel;11;12;14;4;16;blo.cel/011.png;48x56;Kamp;Blodsprut.
blo.cel;12;8;18;4;16;blo.cel/012.png;32x72;Kamp;Blodsprut.
blo.cel;13;33;30;4;16;blo.cel/013.png;132x120;Kamp;Blodsprut.
blo.cel;14;18;22;4;16;blo.cel/014.png;72x88;Kamp;Blodsprut.
blo.cel;15;38;13;4;16;blo.cel/015.png;152x52;Kamp;Blodsprut.
blo.cel;16;10;5;4;16;blo.cel/016.png;40x20;Kamp;Blodsprut.
blo.cel;17;4;4;4;16;blo.cel/017.png;16x16;Kamp;Blodsprut.
blo.cel;18;9;8;4;16;blo.cel/018.png;36x32;Kamp;Blodsprut.
blo.cel;19;23;28;4;16;blo.cel/019.png;92x112;Kamp;Blodsprut.
blo.cel;20;35;33;4;16;blo.cel/020.png;140x132;Kamp;Blodsprut.
blo.cel;21;8;21;4;16;blo.cel/021.png;32x84;Kamp;Blodsprut.
blo.cel;22;17;9;4;16;blo.cel/022.png;68x36;Kamp;Blodsprut.
blo.cel;23;8;4;4;16;blo.cel/023.png;32x16;Kamp;Blodsprut.
blo.cel;24;5;5;4;16;blo.cel/024.png;20x20;Kamp;Blodsprut.
blo.cel;25;13;12;4;16;blo.cel/025.png;52x48;Kamp;Blodsprut.
blo.cel;26;19;20;4;16;blo.cel/026.png;76x80;Kamp;Blodsprut.
blo.cel;27;21;26;4;16;blo.cel/027.png;84x104;Kamp;Blodsprut.
blo.cel;28;20;16;4;16;blo.cel/028.png;80x64;Kamp;Blodsprut.
blo.cel;29;39;8;4;16;blo.cel/029.png;156x32;Kamp;Blodsprut.
blo.cel;30;30;20;4;16;blo.cel/030.png;120x80;Kamp;Blodsprut.
blo.cel;31;18;15;4;16;blo.cel/031.png;72x60;Kamp;Blodsprut.
blo.cel;32;15;20;4;16;blo.cel/032.png;60x80;Kamp;Blodsprut.
blo.cel;33;44;5;4;16;blo.cel/033.png;176x20;Kamp;Blodsprut.
blo.cel;34;31;9;4;16;blo.cel/034.png;124x36;Kamp;Blodsprut.
blo.cel;35;21;9;4;16;blo.cel/035.png;84x36;Kamp;Blodsprut.
blo.cel;36;14;6;4;16;blo.cel/036.png;56x24;Kamp;Blodsprut.
blo.cel;37;22;15;4;16;blo.cel/037.png;88x60;Kamp;Blodsprut.
blo.cel;38;21;8;4;16;blo.cel/038.png;84x32;Kamp;Blodsprut.
blo.cel;39;21;20;4;16;blo.cel/039.png;84x80;Kamp;Blodsprut.
blo.cel;40;39;25;4;16;blo.cel/040.png;156x100;Kamp;Blodsprut.
bold.f;0;20;19;4;16;bold.f/000.png;80x76;Font;Fonten i tittelmenyen og menyene: 0-25 A-Z, 26-51 a-z, 52-61 0-9, 62 !, 63 ?, 64 ., 65 ,, 66 #, 67 $, 68 %, 69 mellomrom, 70 ', 71 _ og /. 72 er en prikk, 73 er MOONSTONE-logoen, 74-75 copyright-linjene.
bold.f;1;17;19;4;16;bold.f/001.png;68x76;Font;Fonten i tittelmenyen og menyene: 0-25 A-Z, 26-51 a-z, 52-61 0-9, 62 !, 63 ?, 64 ., 65 ,, 66 #, 67 $, 68 %, 69 mellomrom, 70 ', 71 _ og /. 72 er en prikk, 73 er MOONSTONE-logoen, 74-75 copyright-linjene.
bold.f;2;13;19;4;16;bold.f/002.png;52x76;Font;Fonten i tittelmenyen og menyene: 0-25 A-Z, 26-51 a-z, 52-61 0-9, 62 !, 63 ?, 64 ., 65 ,, 66 #, 67 $, 68 %, 69 mellomrom, 70 ', 71 _ og /. 72 er en prikk, 73 er MOONSTONE-logoen, 74-75 copyright-linjene.
bold.f;3;17;19;4;16;bold.f/003.png;68x76;Font;Fonten i tittelmenyen og menyene: 0-25 A-Z, 26-51 a-z, 52-61 0-9, 62 !, 63 ?, 64 ., 65 ,, 66 #, 67 $, 68 %, 69 mellomrom, 70 ', 71 _ og /. 72 er en prikk, 73 er MOONSTONE-logoen, 74-75 copyright-linjene.
bold.f;4;13;19;4;16;bold.f/004.png;52x76;Font;Fonten i tittelmenyen og menyene: 0-25 A-Z, 26-51 a-z, 52-61 0-9, 62 !, 63 ?, 64 ., 65 ,, 66 #, 67 $, 68 %, 69 mellomrom, 70 ', 71 _ og /. 72 er en prikk, 73 er MOONSTONE-logoen, 74-75 copyright-linjene.
bold.f;5;16;19;4;16;bold.f/005.png;64x76;Font;Fonten i tittelmenyen og menyene: 0-25 A-Z, 26-51 a-z, 52-61 0-9, 62 !, 63 ?, 64 ., 65 ,, 66 #, 67 $, 68 %, 69 mellomrom, 70 ', 71 _ og /. 72 er en prikk, 73 er MOONSTONE-logoen, 74-75 copyright-linjene.
bold.f;6;14;19;4;16;bold.f/006.png;56x76;Font;Fonten i tittelmenyen og menyene: 0-25 A-Z, 26-51 a-z, 52-61 0-9, 62 !, 63 ?, 64 ., 65 ,, 66 #, 67 $, 68 %, 69 mellomrom, 70 ', 71 _ og /. 72 er en prikk, 73 er MOONSTONE-logoen, 74-75 copyright-linjene.
bold.f;7;19;19;4;16;bold.f/007.png;76x76;Font;Fonten i tittelmenyen og menyene: 0-25 A-Z, 26-51 a-z, 52-61 0-9, 62 !, 63 ?, 64 ., 65 ,, 66 #, 67 $, 68 %, 69 mellomrom, 70 ', 71 _ og /. 72 er en prikk, 73 er MOONSTONE-logoen, 74-75 copyright-linjene.
bold.f;8;9;19;4;16;bold.f/008.png;36x76;Font;Fonten i tittelmenyen og menyene: 0-25 A-Z, 26-51 a-z, 52-61 0-9, 62 !, 63 ?, 64 ., 65 ,, 66 #, 67 $, 68 %, 69 mellomrom, 70 ', 71 _ og /. 72 er en prikk, 73 er MOONSTONE-logoen, 74-75 copyright-linjene.
bold.f;9;12;19;4;16;bold.f/009.png;48x76;Font;Fonten i tittelmenyen og menyene: 0-25 A-Z, 26-51 a-z, 52-61 0-9, 62 !, 63 ?, 64 ., 65 ,, 66 #, 67 $, 68 %, 69 mellomrom, 70 ', 71 _ og /. 72 er en prikk, 73 er MOONSTONE-logoen, 74-75 copyright-linjene.
bold.f;10;19;19;4;16;bold.f/010.png;76x76;Font;Fonten i tittelmenyen og menyene: 0-25 A-Z, 26-51 a-z, 52-61 0-9, 62 !, 63 ?, 64 ., 65 ,, 66 #, 67 $, 68 %, 69 mellomrom, 70 ', 71 _ og /. 72 er en prikk, 73 er MOONSTONE-logoen, 74-75 copyright-linjene.
bold.f;11;17;19;4;16;bold.f/011.png;68x76;Font;Fonten i tittelmenyen og menyene: 0-25 A-Z, 26-51 a-z, 52-61 0-9, 62 !, 63 ?, 64 ., 65 ,, 66 #, 67 $, 68 %, 69 mellomrom, 70 ', 71 _ og /. 72 er en prikk, 73 er MOONSTONE-logoen, 74-75 copyright-linjene.
bold.f;12;24;19;4;16;bold.f/012.png;96x76;Font;Fonten i tittelmenyen og menyene: 0-25 A-Z, 26-51 a-z, 52-61 0-9, 62 !, 63 ?, 64 ., 65 ,, 66 #, 67 $, 68 %, 69 mellomrom, 70 ', 71 _ og /. 72 er en prikk, 73 er MOONSTONE-logoen, 74-75 copyright-linjene.
bold.f;13;19;19;4;16;bold.f/013.png;76x76;Font;Fonten i tittelmenyen og menyene: 0-25 A-Z, 26-51 a-z, 52-61 0-9, 62 !, 63 ?, 64 ., 65 ,, 66 #, 67 $, 68 %, 69 mellomrom, 70 ', 71 _ og /. 72 er en prikk, 73 er MOONSTONE-logoen, 74-75 copyright-linjene.
bold.f;14;14;19;4;16;bold.f/014.png;56x76;Font;Fonten i tittelmenyen og menyene: 0-25 A-Z, 26-51 a-z, 52-61 0-9, 62 !, 63 ?, 64 ., 65 ,, 66 #, 67 $, 68 %, 69 mellomrom, 70 ', 71 _ og /. 72 er en prikk, 73 er MOONSTONE-logoen, 74-75 copyright-linjene.
bold.f;15;17;19;4;16;bold.f/015.png;68x76;Font;Fonten i tittelmenyen og menyene: 0-25 A-Z, 26-51 a-z, 52-61 0-9, 62 !, 63 ?, 64 ., 65 ,, 66 #, 67 $, 68 %, 69 mellomrom, 70 ', 71 _ og /. 72 er en prikk, 73 er MOONSTONE-logoen, 74-75 copyright-linjene.
bold.f;16;14;19;4;16;bold.f/016.png;56x76;Font;Fonten i tittelmenyen og menyene: 0-25 A-Z, 26-51 a-z, 52-61 0-9, 62 !, 63 ?, 64 ., 65 ,, 66 #, 67 $, 68 %, 69 mellomrom, 70 ', 71 _ og /. 72 er en prikk, 73 er MOONSTONE-logoen, 74-75 copyright-linjene.
bold.f;17;20;19;4;16;bold.f/017.png;80x76;Font;Fonten i tittelmenyen og menyene: 0-25 A-Z, 26-51 a-z, 52-61 0-9, 62 !, 63 ?, 64 ., 65 ,, 66 #, 67 $, 68 %, 69 mellomrom, 70 ', 71 _ og /. 72 er en prikk, 73 er MOONSTONE-logoen, 74-75 copyright-linjene.
bold.f;18;13;19;4;16;bold.f/018.png;52x76;Font;Fonten i tittelmenyen og menyene: 0-25 A-Z, 26-51 a-z, 52-61 0-9, 62 !, 63 ?, 64 ., 65 ,, 66 #, 67 $, 68 %, 69 mellomrom, 70 ', 71 _ og /. 72 er en prikk, 73 er MOONSTONE-logoen, 74-75 copyright-linjene.
bold.f;19;16;19;4;16;bold.f/019.png;64x76;Font;Fonten i tittelmenyen og menyene: 0-25 A-Z, 26-51 a-z, 52-61 0-9, 62 !, 63 ?, 64 ., 65 ,, 66 #, 67 $, 68 %, 69 mellomrom, 70 ', 71 _ og /. 72 er en prikk, 73 er MOONSTONE-logoen, 74-75 copyright-linjene.
bold.f;20;15;19;4;16;bold.f/020.png;60x76;Font;Fonten i tittelmenyen og menyene: 0-25 A-Z, 26-51 a-z, 52-61 0-9, 62 !, 63 ?, 64 ., 65 ,, 66 #, 67 $, 68 %, 69 mellomrom, 70 ', 71 _ og /. 72 er en prikk, 73 er MOONSTONE-logoen, 74-75 copyright-linjene.
bold.f;21;16;19;4;16;bold.f/021.png;64x76;Font;Fonten i tittelmenyen og menyene: 0-25 A-Z, 26-51 a-z, 52-61 0-9, 62 !, 63 ?, 64 ., 65 ,, 66 #, 67 $, 68 %, 69 mellomrom, 70 ', 71 _ og /. 72 er en prikk, 73 er MOONSTONE-logoen, 74-75 copyright-linjene.
bold.f;22;24;19;4;16;bold.f/022.png;96x76;Font;Fonten i tittelmenyen og menyene: 0-25 A-Z, 26-51 a-z, 52-61 0-9, 62 !, 63 ?, 64 ., 65 ,, 66 #, 67 $, 68 %, 69 mellomrom, 70 ', 71 _ og /. 72 er en prikk, 73 er MOONSTONE-logoen, 74-75 copyright-linjene.
bold.f;23;18;19;4;16;bold.f/023.png;72x76;Font;Fonten i tittelmenyen og menyene: 0-25 A-Z, 26-51 a-z, 52-61 0-9, 62 !, 63 ?, 64 ., 65 ,, 66 #, 67 $, 68 %, 69 mellomrom, 70 ', 71 _ og /. 72 er en prikk, 73 er MOONSTONE-logoen, 74-75 copyright-linjene.
bold.f;24;16;19;4;16;bold.f/024.png;64x76;Font;Fonten i tittelmenyen og menyene: 0-25 A-Z, 26-51 a-z, 52-61 0-9, 62 !, 63 ?, 64 ., 65 ,, 66 #, 67 $, 68 %, 69 mellomrom, 70 ', 71 _ og /. 72 er en prikk, 73 er MOONSTONE-logoen, 74-75 copyright-linjene.
bold.f;25;14;19;4;16;bold.f/025.png;56x76;Font;Fonten i tittelmenyen og menyene: 0-25 A-Z, 26-51 a-z, 52-61 0-9, 62 !, 63 ?, 64 ., 65 ,, 66 #, 67 $, 68 %, 69 mellomrom, 70 ', 71 _ og /. 72 er en prikk, 73 er MOONSTONE-logoen, 74-75 copyright-linjene.
bold.f;26;13;19;4;16;bold.f/026.png;52x76;Font;Fonten i tittelmenyen og menyene: 0-25 A-Z, 26-51 a-z, 52-61 0-9, 62 !, 63 ?, 64 ., 65 ,, 66 #, 67 $, 68 %, 69 mellomrom, 70 ', 71 _ og /. 72 er en prikk, 73 er MOONSTONE-logoen, 74-75 copyright-linjene.
bold.f;27;11;19;4;16;bold.f/027.png;44x76;Font;Fonten i tittelmenyen og menyene: 0-25 A-Z, 26-51 a-z, 52-61 0-9, 62 !, 63 ?, 64 ., 65 ,, 66 #, 67 $, 68 %, 69 mellomrom, 70 ', 71 _ og /. 72 er en prikk, 73 er MOONSTONE-logoen, 74-75 copyright-linjene.
bold.f;28;11;19;4;16;bold.f/028.png;44x76;Font;Fonten i tittelmenyen og menyene: 0-25 A-Z, 26-51 a-z, 52-61 0-9, 62 !, 63 ?, 64 ., 65 ,, 66 #, 67 $, 68 %, 69 mellomrom, 70 ', 71 _ og /. 72 er en prikk, 73 er MOONSTONE-logoen, 74-75 copyright-linjene.
bold.f;29;13;19;4;16;bold.f/029.png;52x76;Font;Fonten i tittelmenyen og menyene: 0-25 A-Z, 26-51 a-z, 52-61 0-9, 62 !, 63 ?, 64 ., 65 ,, 66 #, 67 $, 68 %, 69 mellomrom, 70 ', 71 _ og /. 72 er en prikk, 73 er MOONSTONE-logoen, 74-75 copyright-linjene.
bold.f;30;11;19;4;16;bold.f/030.png;44x76;Font;Fonten i tittelmenyen og menyene: 0-25 A-Z, 26-51 a-z, 52-61 0-9, 62 !, 63 ?, 64 ., 65 ,, 66 #, 67 $, 68 %, 69 mellomrom, 70 ', 71 _ og /. 72 er en prikk, 73 er MOONSTONE-logoen, 74-75 copyright-linjene.
bold.f;31;13;19;4;16;bold.f/031.png;52x76;Font;Fonten i tittelmenyen og menyene: 0-25 A-Z, 26-51 a-z, 52-61 0-9, 62 !, 63 ?, 64 ., 65 ,, 66 #, 67 $, 68 %, 69 mellomrom, 70 ', 71 _ og /. 72 er en prikk, 73 er MOONSTONE-logoen, 74-75 copyright-linjene.
bold.f;32;12;19;4;16;bold.f/032.png;48x76;Font;Fonten i tittelmenyen og menyene: 0-25 A-Z, 26-51 a-z, 52-61 0-9, 62 !, 63 ?, 64 ., 65 ,, 66 #, 67 $, 68 %, 69 mellomrom, 70 ', 71 _ og /. 72 er en prikk, 73 er MOONSTONE-logoen, 74-75 copyright-linjene.
bold.f;33;13;19;4;16;bold.f/033.png;52x76;Font;Fonten i tittelmenyen og menyene: 0-25 A-Z, 26-51 a-z, 52-61 0-9, 62 !, 63 ?, 64 ., 65 ,, 66 #, 67 $, 68 %, 69 mellomrom, 70 ', 71 _ og /. 72 er en prikk, 73 er MOONSTONE-logoen, 74-75 copyright-linjene.
bold.f;34;9;19;4;16;bold.f/034.png;36x76;Font;Fonten i tittelmenyen og menyene: 0-25 A-Z, 26-51 a-z, 52-61 0-9, 62 !, 63 ?, 64 ., 65 ,, 66 #, 67 $, 68 %, 69 mellomrom, 70 ', 71 _ og /. 72 er en prikk, 73 er MOONSTONE-logoen, 74-75 copyright-linjene.
bold.f;35;9;19;4;16;bold.f/035.png;36x76;Font;Fonten i tittelmenyen og menyene: 0-25 A-Z, 26-51 a-z, 52-61 0-9, 62 !, 63 ?, 64 ., 65 ,, 66 #, 67 $, 68 %, 69 mellomrom, 70 ', 71 _ og /. 72 er en prikk, 73 er MOONSTONE-logoen, 74-75 copyright-linjene.
bold.f;36;13;19;4;16;bold.f/036.png;52x76;Font;Fonten i tittelmenyen og menyene: 0-25 A-Z, 26-51 a-z, 52-61 0-9, 62 !, 63 ?, 64 ., 65 ,, 66 #, 67 $, 68 %, 69 mellomrom, 70 ', 71 _ og /. 72 er en prikk, 73 er MOONSTONE-logoen, 74-75 copyright-linjene.
bold.f;37;8;19;4;16;bold.f/037.png;32x76;Font;Fonten i tittelmenyen og menyene: 0-25 A-Z, 26-51 a-z, 52-61 0-9, 62 !, 63 ?, 64 ., 65 ,, 66 #, 67 $, 68 %, 69 mellomrom, 70 ', 71 _ og /. 72 er en prikk, 73 er MOONSTONE-logoen, 74-75 copyright-linjene.
bold.f;38;19;19;4;16;bold.f/038.png;76x76;Font;Fonten i tittelmenyen og menyene: 0-25 A-Z, 26-51 a-z, 52-61 0-9, 62 !, 63 ?, 64 ., 65 ,, 66 #, 67 $, 68 %, 69 mellomrom, 70 ', 71 _ og /. 72 er en prikk, 73 er MOONSTONE-logoen, 74-75 copyright-linjene.
bold.f;39;14;19;4;16;bold.f/039.png;56x76;Font;Fonten i tittelmenyen og menyene: 0-25 A-Z, 26-51 a-z, 52-61 0-9, 62 !, 63 ?, 64 ., 65 ,, 66 #, 67 $, 68 %, 69 mellomrom, 70 ', 71 _ og /. 72 er en prikk, 73 er MOONSTONE-logoen, 74-75 copyright-linjene.
bold.f;40;12;19;4;16;bold.f/040.png;48x76;Font;Fonten i tittelmenyen og menyene: 0-25 A-Z, 26-51 a-z, 52-61 0-9, 62 !, 63 ?, 64 ., 65 ,, 66 #, 67 $, 68 %, 69 mellomrom, 70 ', 71 _ og /. 72 er en prikk, 73 er MOONSTONE-logoen, 74-75 copyright-linjene.
bold.f;41;12;19;4;16;bold.f/041.png;48x76;Font;Fonten i tittelmenyen og menyene: 0-25 A-Z, 26-51 a-z, 52-61 0-9, 62 !, 63 ?, 64 ., 65 ,, 66 #, 67 $, 68 %, 69 mellomrom, 70 ', 71 _ og /. 72 er en prikk, 73 er MOONSTONE-logoen, 74-75 copyright-linjene.
bold.f;42;12;19;4;16;bold.f/042.png;48x76;Font;Fonten i tittelmenyen og menyene: 0-25 A-Z, 26-51 a-z, 52-61 0-9, 62 !, 63 ?, 64 ., 65 ,, 66 #, 67 $, 68 %, 69 mellomrom, 70 ', 71 _ og /. 72 er en prikk, 73 er MOONSTONE-logoen, 74-75 copyright-linjene.
bold.f;43;12;19;4;16;bold.f/043.png;48x76;Font;Fonten i tittelmenyen og menyene: 0-25 A-Z, 26-51 a-z, 52-61 0-9, 62 !, 63 ?, 64 ., 65 ,, 66 #, 67 $, 68 %, 69 mellomrom, 70 ', 71 _ og /. 72 er en prikk, 73 er MOONSTONE-logoen, 74-75 copyright-linjene.
bold.f;44;11;19;4;16;bold.f/044.png;44x76;Font;Fonten i tittelmenyen og menyene: 0-25 A-Z, 26-51 a-z, 52-61 0-9, 62 !, 63 ?, 64 ., 65 ,, 66 #, 67 $, 68 %, 69 mellomrom, 70 ', 71 _ og /. 72 er en prikk, 73 er MOONSTONE-logoen, 74-75 copyright-linjene.
bold.f;45;11;19;4;16;bold.f/045.png;44x76;Font;Fonten i tittelmenyen og menyene: 0-25 A-Z, 26-51 a-z, 52-61 0-9, 62 !, 63 ?, 64 ., 65 ,, 66 #, 67 $, 68 %, 69 mellomrom, 70 ', 71 _ og /. 72 er en prikk, 73 er MOONSTONE-logoen, 74-75 copyright-linjene.
bold.f;46;14;19;4;16;bold.f/046.png;56x76;Font;Fonten i tittelmenyen og menyene: 0-25 A-Z, 26-51 a-z, 52-61 0-9, 62 !, 63 ?, 64 ., 65 ,, 66 #, 67 $, 68 %, 69 mellomrom, 70 ', 71 _ og /. 72 er en prikk, 73 er MOONSTONE-logoen, 74-75 copyright-linjene.
bold.f;47;13;19;4;16;bold.f/047.png;52x76;Font;Fonten i tittelmenyen og menyene: 0-25 A-Z, 26-51 a-z, 52-61 0-9, 62 !, 63 ?, 64 ., 65 ,, 66 #, 67 $, 68 %, 69 mellomrom, 70 ', 71 _ og /. 72 er en prikk, 73 er MOONSTONE-logoen, 74-75 copyright-linjene.
bold.f;48;18;19;4;16;bold.f/048.png;72x76;Font;Fonten i tittelmenyen og menyene: 0-25 A-Z, 26-51 a-z, 52-61 0-9, 62 !, 63 ?, 64 ., 65 ,, 66 #, 67 $, 68 %, 69 mellomrom, 70 ', 71 _ og /. 72 er en prikk, 73 er MOONSTONE-logoen, 74-75 copyright-linjene.
bold.f;49;14;19;4;16;bold.f/049.png;56x76;Font;Fonten i tittelmenyen og menyene: 0-25 A-Z, 26-51 a-z, 52-61 0-9, 62 !, 63 ?, 64 ., 65 ,, 66 #, 67 $, 68 %, 69 mellomrom, 70 ', 71 _ og /. 72 er en prikk, 73 er MOONSTONE-logoen, 74-75 copyright-linjene.
bold.f;50;12;19;4;16;bold.f/050.png;48x76;Font;Fonten i tittelmenyen og menyene: 0-25 A-Z, 26-51 a-z, 52-61 0-9, 62 !, 63 ?, 64 ., 65 ,, 66 #, 67 $, 68 %, 69 mellomrom, 70 ', 71 _ og /. 72 er en prikk, 73 er MOONSTONE-logoen, 74-75 copyright-linjene.
bold.f;51;13;19;4;16;bold.f/051.png;52x76;Font;Fonten i tittelmenyen og menyene: 0-25 A-Z, 26-51 a-z, 52-61 0-9, 62 !, 63 ?, 64 ., 65 ,, 66 #, 67 $, 68 %, 69 mellomrom, 70 ', 71 _ og /. 72 er en prikk, 73 er MOONSTONE-logoen, 74-75 copyright-linjene.
bold.f;52;11;19;4;16;bold.f/052.png;44x76;Font;Fonten i tittelmenyen og menyene: 0-25 A-Z, 26-51 a-z, 52-61 0-9, 62 !, 63 ?, 64 ., 65 ,, 66 #, 67 $, 68 %, 69 mellomrom, 70 ', 71 _ og /. 72 er en prikk, 73 er MOONSTONE-logoen, 74-75 copyright-linjene.
bold.f;53;7;19;4;16;bold.f/053.png;28x76;Font;Fonten i tittelmenyen og menyene: 0-25 A-Z, 26-51 a-z, 52-61 0-9, 62 !, 63 ?, 64 ., 65 ,, 66 #, 67 $, 68 %, 69 mellomrom, 70 ', 71 _ og /. 72 er en prikk, 73 er MOONSTONE-logoen, 74-75 copyright-linjene.
bold.f;54;11;19;4;16;bold.f/054.png;44x76;Font;Fonten i tittelmenyen og menyene: 0-25 A-Z, 26-51 a-z, 52-61 0-9, 62 !, 63 ?, 64 ., 65 ,, 66 #, 67 $, 68 %, 69 mellomrom, 70 ', 71 _ og /. 72 er en prikk, 73 er MOONSTONE-logoen, 74-75 copyright-linjene.
bold.f;55;10;19;4;16;bold.f/055.png;40x76;Font;Fonten i tittelmenyen og menyene: 0-25 A-Z, 26-51 a-z, 52-61 0-9, 62 !, 63 ?, 64 ., 65 ,, 66 #, 67 $, 68 %, 69 mellomrom, 70 ', 71 _ og /. 72 er en prikk, 73 er MOONSTONE-logoen, 74-75 copyright-linjene.
bold.f;56;12;19;4;16;bold.f/056.png;48x76;Font;Fonten i tittelmenyen og menyene: 0-25 A-Z, 26-51 a-z, 52-61 0-9, 62 !, 63 ?, 64 ., 65 ,, 66 #, 67 $, 68 %, 69 mellomrom, 70 ', 71 _ og /. 72 er en prikk, 73 er MOONSTONE-logoen, 74-75 copyright-linjene.
bold.f;57;11;19;4;16;bold.f/057.png;44x76;Font;Fonten i tittelmenyen og menyene: 0-25 A-Z, 26-51 a-z, 52-61 0-9, 62 !, 63 ?, 64 ., 65 ,, 66 #, 67 $, 68 %, 69 mellomrom, 70 ', 71 _ og /. 72 er en prikk, 73 er MOONSTONE-logoen, 74-75 copyright-linjene.
bold.f;58;11;19;4;16;bold.f/058.png;44x76;Font;Fonten i tittelmenyen og menyene: 0-25 A-Z, 26-51 a-z, 52-61 0-9, 62 !, 63 ?, 64 ., 65 ,, 66 #, 67 $, 68 %, 69 mellomrom, 70 ', 71 _ og /. 72 er en prikk, 73 er MOONSTONE-logoen, 74-75 copyright-linjene.
bold.f;59;11;19;4;16;bold.f/059.png;44x76;Font;Fonten i tittelmenyen og menyene: 0-25 A-Z, 26-51 a-z, 52-61 0-9, 62 !, 63 ?, 64 ., 65 ,, 66 #, 67 $, 68 %, 69 mellomrom, 70 ', 71 _ og /. 72 er en prikk, 73 er MOONSTONE-logoen, 74-75 copyright-linjene.
bold.f;60;11;19;4;16;bold.f/060.png;44x76;Font;Fonten i tittelmenyen og menyene: 0-25 A-Z, 26-51 a-z, 52-61 0-9, 62 !, 63 ?, 64 ., 65 ,, 66 #, 67 $, 68 %, 69 mellomrom, 70 ', 71 _ og /. 72 er en prikk, 73 er MOONSTONE-logoen, 74-75 copyright-linjene.
bold.f;61;11;19;4;16;bold.f/061.png;44x76;Font;Fonten i tittelmenyen og menyene: 0-25 A-Z, 26-51 a-z, 52-61 0-9, 62 !, 63 ?, 64 ., 65 ,, 66 #, 67 $, 68 %, 69 mellomrom, 70 ', 71 _ og /. 72 er en prikk, 73 er MOONSTONE-logoen, 74-75 copyright-linjene.
bold.f;62;7;19;4;16;bold.f/062.png;28x76;Font;Fonten i tittelmenyen og menyene: 0-25 A-Z, 26-51 a-z, 52-61 0-9, 62 !, 63 ?, 64 ., 65 ,, 66 #, 67 $, 68 %, 69 mellomrom, 70 ', 71 _ og /. 72 er en prikk, 73 er MOONSTONE-logoen, 74-75 copyright-linjene.
bold.f;63;11;19;4;16;bold.f/063.png;44x76;Font;Fonten i tittelmenyen og menyene: 0-25 A-Z, 26-51 a-z, 52-61 0-9, 62 !, 63 ?, 64 ., 65 ,, 66 #, 67 $, 68 %, 69 mellomrom, 70 ', 71 _ og /. 72 er en prikk, 73 er MOONSTONE-logoen, 74-75 copyright-linjene.
bold.f;64;7;19;4;16;bold.f/064.png;28x76;Font;Fonten i tittelmenyen og menyene: 0-25 A-Z, 26-51 a-z, 52-61 0-9, 62 !, 63 ?, 64 ., 65 ,, 66 #, 67 $, 68 %, 69 mellomrom, 70 ', 71 _ og /. 72 er en prikk, 73 er MOONSTONE-logoen, 74-75 copyright-linjene.
bold.f;65;7;19;4;16;bold.f/065.png;28x76;Font;Fonten i tittelmenyen og menyene: 0-25 A-Z, 26-51 a-z, 52-61 0-9, 62 !, 63 ?, 64 ., 65 ,, 66 #, 67 $, 68 %, 69 mellomrom, 70 ', 71 _ og /. 72 er en prikk, 73 er MOONSTONE-logoen, 74-75 copyright-linjene.
bold.f;66;16;19;4;16;bold.f/066.png;64x76;Font;Fonten i tittelmenyen og menyene: 0-25 A-Z, 26-51 a-z, 52-61 0-9, 62 !, 63 ?, 64 ., 65 ,, 66 #, 67 $, 68 %, 69 mellomrom, 70 ', 71 _ og /. 72 er en prikk, 73 er MOONSTONE-logoen, 74-75 copyright-linjene.
bold.f;67;13;19;4;16;bold.f/067.png;52x76;Font;Fonten i tittelmenyen og menyene: 0-25 A-Z, 26-51 a-z, 52-61 0-9, 62 !, 63 ?, 64 ., 65 ,, 66 #, 67 $, 68 %, 69 mellomrom, 70 ', 71 _ og /. 72 er en prikk, 73 er MOONSTONE-logoen, 74-75 copyright-linjene.
bold.f;68;14;19;4;16;bold.f/068.png;56x76;Font;Fonten i tittelmenyen og menyene: 0-25 A-Z, 26-51 a-z, 52-61 0-9, 62 !, 63 ?, 64 ., 65 ,, 66 #, 67 $, 68 %, 69 mellomrom, 70 ', 71 _ og /. 72 er en prikk, 73 er MOONSTONE-logoen, 74-75 copyright-linjene.
bold.f;69;15;19;0;0;bold.f/069.png;60x76;Font;Fonten i tittelmenyen og menyene: 0-25 A-Z, 26-51 a-z, 52-61 0-9, 62 !, 63 ?, 64 ., 65 ,, 66 #, 67 $, 68 %, 69 mellomrom, 70 ', 71 _ og /. 72 er en prikk, 73 er MOONSTONE-logoen, 74-75 copyright-linjene.
bold.f;70;7;19;4;16;bold.f/070.png;28x76;Font;Fonten i tittelmenyen og menyene: 0-25 A-Z, 26-51 a-z, 52-61 0-9, 62 !, 63 ?, 64 ., 65 ,, 66 #, 67 $, 68 %, 69 mellomrom, 70 ', 71 _ og /. 72 er en prikk, 73 er MOONSTONE-logoen, 74-75 copyright-linjene.
bold.f;71;14;19;4;16;bold.f/071.png;56x76;Font;Fonten i tittelmenyen og menyene: 0-25 A-Z, 26-51 a-z, 52-61 0-9, 62 !, 63 ?, 64 ., 65 ,, 66 #, 67 $, 68 %, 69 mellomrom, 70 ', 71 _ og /. 72 er en prikk, 73 er MOONSTONE-logoen, 74-75 copyright-linjene.
bold.f;72;4;5;0;0;bold.f/072.png;16x20;Font;Fonten i tittelmenyen og menyene: 0-25 A-Z, 26-51 a-z, 52-61 0-9, 62 !, 63 ?, 64 ., 65 ,, 66 #, 67 $, 68 %, 69 mellomrom, 70 ', 71 _ og /. 72 er en prikk, 73 er MOONSTONE-logoen, 74-75 copyright-linjene.
bold.f;73;305;54;4;16;bold.f/073.png;1220x216;Font;Fonten i tittelmenyen og menyene: 0-25 A-Z, 26-51 a-z, 52-61 0-9, 62 !, 63 ?, 64 ., 65 ,, 66 #, 67 $, 68 %, 69 mellomrom, 70 ', 71 _ og /. 72 er en prikk, 73 er MOONSTONE-logoen, 74-75 copyright-linjene.
bold.f;74;269;8;4;16;bold.f/074.png;1076x32;Font;Fonten i tittelmenyen og menyene: 0-25 A-Z, 26-51 a-z, 52-61 0-9, 62 !, 63 ?, 64 ., 65 ,, 66 #, 67 $, 68 %, 69 mellomrom, 70 ', 71 _ og /. 72 er en prikk, 73 er MOONSTONE-logoen, 74-75 copyright-linjene.
bold.f;75;91;8;4;16;bold.f/075.png;364x32;Font;Fonten i tittelmenyen og menyene: 0-25 A-Z, 26-51 a-z, 52-61 0-9, 62 !, 63 ?, 64 ., 65 ,, 66 #, 67 $, 68 %, 69 mellomrom, 70 ', 71 _ og /. 72 er en prikk, 73 er MOONSTONE-logoen, 74-75 copyright-linjene.
ch.piv;0;320;200;4;16;bg/HASH.png (Lagre bakgrunnen);1280x800;Tittel;Tittelmenyen: nattehimmel med trær. Paletten er også fargene til fonten bold.f.
co1.cel;0;25;31;4;16;co1.cel/000.png;100x124;Kamp;Figurer i kamp (rødt og gull, kropp og biter).
co1.cel;1;14;11;4;16;co1.cel/001.png;56x44;Kamp;Figurer i kamp (rødt og gull, kropp og biter).
co1.cel;2;31;19;4;16;co1.cel/002.png;124x76;Kamp;Figurer i kamp (rødt og gull, kropp og biter).
co1.cel;3;18;11;4;16;co1.cel/003.png;72x44;Kamp;Figurer i kamp (rødt og gull, kropp og biter).
co1.cel;4;24;30;4;16;co1.cel/004.png;96x120;Kamp;Figurer i kamp (rødt og gull, kropp og biter).
co1.cel;5;12;12;4;16;co1.cel/005.png;48x48;Kamp;Figurer i kamp (rødt og gull, kropp og biter).
co1.cel;6;18;21;4;16;co1.cel/006.png;72x84;Kamp;Figurer i kamp (rødt og gull, kropp og biter).
co1.cel;7;38;33;4;16;co1.cel/007.png;152x132;Kamp;Figurer i kamp (rødt og gull, kropp og biter).
co1.cel;8;34;37;4;16;co1.cel/008.png;136x148;Kamp;Figurer i kamp (rødt og gull, kropp og biter).
co1.cel;9;39;27;4;16;co1.cel/009.png;156x108;Kamp;Figurer i kamp (rødt og gull, kropp og biter).
co1.cel;10;60;16;4;16;co1.cel/010.png;240x64;Kamp;Figurer i kamp (rødt og gull, kropp og biter).
co1.cel;11;11;33;4;16;co1.cel/011.png;44x132;Kamp;Figurer i kamp (rødt og gull, kropp og biter).
co1.cel;12;36;38;4;16;co1.cel/012.png;144x152;Kamp;Figurer i kamp (rødt og gull, kropp og biter).
co1.cel;13;10;16;4;16;co1.cel/013.png;40x64;Kamp;Figurer i kamp (rødt og gull, kropp og biter).
co1.cel;14;8;15;4;16;co1.cel/014.png;32x60;Kamp;Figurer i kamp (rødt og gull, kropp og biter).
co1.cel;15;11;11;4;16;co1.cel/015.png;44x44;Kamp;Figurer i kamp (rødt og gull, kropp og biter).
co1.cel;16;53;26;4;16;co1.cel/016.png;212x104;Kamp;Figurer i kamp (rødt og gull, kropp og biter).
co1.cel;17;9;19;4;16;co1.cel/017.png;36x76;Kamp;Figurer i kamp (rødt og gull, kropp og biter).
co1.cel;18;13;44;3;8;co1.cel/018.png;52x176;Kamp;Figurer i kamp (rødt og gull, kropp og biter).
co1.cel;19;44;50;4;16;co1.cel/019.png;176x200;Kamp;Figurer i kamp (rødt og gull, kropp og biter).
co1.cel;20;16;20;4;16;co1.cel/020.png;64x80;Kamp;Figurer i kamp (rødt og gull, kropp og biter).
co1.cel;21;65;33;4;16;co1.cel/021.png;260x132;Kamp;Figurer i kamp (rødt og gull, kropp og biter).
co1.cel;22;84;23;4;16;co1.cel/022.png;336x92;Kamp;Figurer i kamp (rødt og gull, kropp og biter).
co1.cel;23;16;18;4;16;co1.cel/023.png;64x72;Kamp;Figurer i kamp (rødt og gull, kropp og biter).
co1.cel;24;26;13;4;16;co1.cel/024.png;104x52;Kamp;Figurer i kamp (rødt og gull, kropp og biter).
da1.cel;0;17;11;4;16;da1.cel/000.png;68x44;Kamp;Små figurer (røde og hvite).
da1.cel;1;17;11;4;16;da1.cel/001.png;68x44;Kamp;Små figurer (røde og hvite).
da1.cel;2;17;9;4;16;da1.cel/002.png;68x36;Kamp;Små figurer (røde og hvite).
da1.cel;3;14;12;4;16;da1.cel/003.png;56x48;Kamp;Små figurer (røde og hvite).
da1.cel;4;13;13;4;16;da1.cel/004.png;52x52;Kamp;Små figurer (røde og hvite).
da1.cel;5;12;14;4;16;da1.cel/005.png;48x56;Kamp;Små figurer (røde og hvite).
da1.cel;6;9;17;4;16;da1.cel/006.png;36x68;Kamp;Små figurer (røde og hvite).
da1.cel;7;12;14;4;16;da1.cel/007.png;48x56;Kamp;Små figurer (røde og hvite).
da1.cel;8;13;13;4;16;da1.cel/008.png;52x52;Kamp;Små figurer (røde og hvite).
da1.cel;9;14;12;4;16;da1.cel/009.png;56x48;Kamp;Små figurer (røde og hvite).
da1.cel;10;17;9;4;16;da1.cel/010.png;68x36;Kamp;Små figurer (røde og hvite).
da1.cel;11;15;11;5;32;da1.cel/011.png;60x44;Kamp;Små figurer (røde og hvite).
da1.cel;12;14;13;5;32;da1.cel/012.png;56x52;Kamp;Små figurer (røde og hvite).
da1.cel;13;13;13;5;32;da1.cel/013.png;52x52;Kamp;Små figurer (røde og hvite).
da1.cel;14;13;14;5;32;da1.cel/014.png;52x56;Kamp;Små figurer (røde og hvite).
da1.cel;15;11;15;5;32;da1.cel/015.png;44x60;Kamp;Små figurer (røde og hvite).
da1.cel;16;13;14;5;32;da1.cel/016.png;52x56;Kamp;Små figurer (røde og hvite).
da1.cel;17;13;13;5;32;da1.cel/017.png;52x52;Kamp;Små figurer (røde og hvite).
da1.cel;18;14;13;5;32;da1.cel/018.png;56x52;Kamp;Små figurer (røde og hvite).
da1.cel;19;15;11;5;32;da1.cel/019.png;60x44;Kamp;Små figurer (røde og hvite).
da1.cel;20;14;13;5;32;da1.cel/020.png;56x52;Kamp;Små figurer (røde og hvite).
da1.cel;21;13;13;5;32;da1.cel/021.png;52x52;Kamp;Små figurer (røde og hvite).
da1.cel;22;13;14;5;32;da1.cel/022.png;52x56;Kamp;Små figurer (røde og hvite).
da1.cel;23;11;15;5;32;da1.cel/023.png;44x60;Kamp;Små figurer (røde og hvite).
da1.cel;24;13;14;5;32;da1.cel/024.png;52x56;Kamp;Små figurer (røde og hvite).
da1.cel;25;13;13;5;32;da1.cel/025.png;52x52;Kamp;Små figurer (røde og hvite).
da1.cel;26;14;13;5;32;da1.cel/026.png;56x52;Kamp;Små figurer (røde og hvite).
da1.cel;27;15;11;5;32;da1.cel/027.png;60x44;Kamp;Små figurer (røde og hvite).
da1.cel;28;14;13;5;32;da1.cel/028.png;56x52;Kamp;Små figurer (røde og hvite).
da1.cel;29;13;13;5;32;da1.cel/029.png;52x52;Kamp;Små figurer (røde og hvite).
da1.cel;30;13;14;5;32;da1.cel/030.png;52x56;Kamp;Små figurer (røde og hvite).
da1.cel;31;11;15;5;32;da1.cel/031.png;44x60;Kamp;Små figurer (røde og hvite).
da1.cel;32;13;14;5;32;da1.cel/032.png;52x56;Kamp;Små figurer (røde og hvite).
da1.cel;33;13;13;5;32;da1.cel/033.png;52x52;Kamp;Små figurer (røde og hvite).
da1.cel;34;14;13;5;32;da1.cel/034.png;56x52;Kamp;Små figurer (røde og hvite).
da1.cel;35;15;11;5;32;da1.cel/035.png;60x44;Kamp;Små figurer (røde og hvite).
da1.cel;36;5;4;4;16;da1.cel/036.png;20x16;Kamp;Små figurer (røde og hvite).
da1.cel;37;4;6;4;16;da1.cel/037.png;16x24;Kamp;Små figurer (røde og hvite).
da1.cel;38;4;5;4;16;da1.cel/038.png;16x20;Kamp;Små figurer (røde og hvite).
da1.cel;39;6;4;4;16;da1.cel/039.png;24x16;Kamp;Små figurer (røde og hvite).
da1.cel;40;6;4;4;16;da1.cel/040.png;24x16;Kamp;Små figurer (røde og hvite).
da1.cel;41;4;5;4;16;da1.cel/041.png;16x20;Kamp;Små figurer (røde og hvite).
da1.cel;42;4;6;4;16;da1.cel/042.png;16x24;Kamp;Små figurer (røde og hvite).
da1.cel;43;5;4;4;16;da1.cel/043.png;20x16;Kamp;Små figurer (røde og hvite).
da1.cel;44;4;6;4;16;da1.cel/044.png;16x24;Kamp;Små figurer (røde og hvite).
da1.cel;45;3;6;4;16;da1.cel/045.png;12x24;Kamp;Små figurer (røde og hvite).
da1.cel;46;6;4;4;16;da1.cel/046.png;24x16;Kamp;Små figurer (røde og hvite).
da1.cel;47;6;3;4;16;da1.cel/047.png;24x12;Kamp;Små figurer (røde og hvite).
da1.cel;48;6;3;4;16;da1.cel/048.png;24x12;Kamp;Små figurer (røde og hvite).
da1.cel;49;6;4;4;16;da1.cel/049.png;24x16;Kamp;Små figurer (røde og hvite).
da1.cel;50;3;6;4;16;da1.cel/050.png;12x24;Kamp;Små figurer (røde og hvite).
da1.cel;51;4;6;4;16;da1.cel/051.png;16x24;Kamp;Små figurer (røde og hvite).
Demon1.CEL;0;16;35;5;32;Demon1.CEL/000.png;64x140;Monster;Demonen i kamp, del 1.
Demon1.CEL;1;14;16;5;32;Demon1.CEL/001.png;56x64;Monster;Demonen i kamp, del 1.
Demon1.CEL;2;29;13;5;32;Demon1.CEL/002.png;116x52;Monster;Demonen i kamp, del 1.
Demon1.CEL;3;26;33;5;32;Demon1.CEL/003.png;104x132;Monster;Demonen i kamp, del 1.
Demon1.CEL;4;17;23;5;32;Demon1.CEL/004.png;68x92;Monster;Demonen i kamp, del 1.
Demon1.CEL;5;36;14;5;32;Demon1.CEL/005.png;144x56;Monster;Demonen i kamp, del 1.
Demon1.CEL;6;38;11;5;32;Demon1.CEL/006.png;152x44;Monster;Demonen i kamp, del 1.
Demon1.CEL;7;39;12;5;32;Demon1.CEL/007.png;156x48;Monster;Demonen i kamp, del 1.
Demon1.CEL;8;28;10;5;32;Demon1.CEL/008.png;112x40;Monster;Demonen i kamp, del 1.
Demon1.CEL;9;25;15;5;32;Demon1.CEL/009.png;100x60;Monster;Demonen i kamp, del 1.
Demon1.CEL;10;18;17;5;32;Demon1.CEL/010.png;72x68;Monster;Demonen i kamp, del 1.
Demon1.CEL;11;18;26;5;32;Demon1.CEL/011.png;72x104;Monster;Demonen i kamp, del 1.
Demon1.CEL;12;38;21;5;32;Demon1.CEL/012.png;152x84;Monster;Demonen i kamp, del 1.
Demon1.CEL;13;57;16;5;32;Demon1.CEL/013.png;228x64;Monster;Demonen i kamp, del 1.
Demon1.CEL;14;61;14;5;32;Demon1.CEL/014.png;244x56;Monster;Demonen i kamp, del 1.
Demon1.CEL;15;31;12;5;32;Demon1.CEL/015.png;124x48;Monster;Demonen i kamp, del 1.
Demon1.CEL;16;31;29;5;32;Demon1.CEL/016.png;124x116;Monster;Demonen i kamp, del 1.
Demon1.CEL;17;14;10;5;32;Demon1.CEL/017.png;56x40;Monster;Demonen i kamp, del 1.
Demon1.CEL;18;20;17;3;8;Demon1.CEL/018.png;80x68;Monster;Demonen i kamp, del 1.
Demon1.CEL;19;42;30;5;32;Demon1.CEL/019.png;168x120;Monster;Demonen i kamp, del 1.
Demon1.CEL;20;51;16;5;32;Demon1.CEL/020.png;204x64;Monster;Demonen i kamp, del 1.
Demon1.CEL;21;71;16;5;32;Demon1.CEL/021.png;284x64;Monster;Demonen i kamp, del 1.
Demon1.CEL;22;40;14;5;32;Demon1.CEL/022.png;160x56;Monster;Demonen i kamp, del 1.
Demon1.CEL;23;37;14;5;32;Demon1.CEL/023.png;148x56;Monster;Demonen i kamp, del 1.
Demon1.CEL;24;34;18;5;32;Demon1.CEL/024.png;136x72;Monster;Demonen i kamp, del 1.
Demon1.CEL;25;22;9;5;32;Demon1.CEL/025.png;88x36;Monster;Demonen i kamp, del 1.
Demon1.CEL;26;26;18;4;16;Demon1.CEL/026.png;104x72;Monster;Demonen i kamp, del 1.
Demon1.CEL;27;42;39;4;16;Demon1.CEL/027.png;168x156;Monster;Demonen i kamp, del 1.
Demon1.CEL;28;47;17;5;32;Demon1.CEL/028.png;188x68;Monster;Demonen i kamp, del 1.
Demon1.CEL;29;68;17;5;32;Demon1.CEL/029.png;272x68;Monster;Demonen i kamp, del 1.
Demon1.CEL;30;39;11;5;32;Demon1.CEL/030.png;156x44;Monster;Demonen i kamp, del 1.
Demon1.CEL;31;31;9;5;32;Demon1.CEL/031.png;124x36;Monster;Demonen i kamp, del 1.
Demon1.CEL;32;33;16;5;32;Demon1.CEL/032.png;132x64;Monster;Demonen i kamp, del 1.
Demon1.CEL;33;24;12;5;32;Demon1.CEL/033.png;96x48;Monster;Demonen i kamp, del 1.
Demon1.CEL;34;52;24;3;8;Demon1.CEL/034.png;208x96;Monster;Demonen i kamp, del 1.
Demon1.CEL;35;42;43;4;16;Demon1.CEL/035.png;168x172;Monster;Demonen i kamp, del 1.
Demon1.CEL;36;66;16;5;32;Demon1.CEL/036.png;264x64;Monster;Demonen i kamp, del 1.
Demon1.CEL;37;53;16;5;32;Demon1.CEL/037.png;212x64;Monster;Demonen i kamp, del 1.
Demon1.CEL;38;46;12;5;32;Demon1.CEL/038.png;184x48;Monster;Demonen i kamp, del 1.
Demon1.CEL;39;35;13;5;32;Demon1.CEL/039.png;140x52;Monster;Demonen i kamp, del 1.
Demon1.CEL;40;21;8;5;32;Demon1.CEL/040.png;84x32;Monster;Demonen i kamp, del 1.
Demon1.CEL;41;43;50;4;16;Demon1.CEL/041.png;172x200;Monster;Demonen i kamp, del 1.
Demon1.CEL;42;20;22;3;8;Demon1.CEL/042.png;80x88;Monster;Demonen i kamp, del 1.
Demon1.CEL;43;57;21;4;16;Demon1.CEL/043.png;228x84;Monster;Demonen i kamp, del 1.
Demon1.CEL;44;51;19;5;32;Demon1.CEL/044.png;204x76;Monster;Demonen i kamp, del 1.
Demon1.CEL;45;56;17;5;32;Demon1.CEL/045.png;224x68;Monster;Demonen i kamp, del 1.
Demon1.CEL;46;49;13;5;32;Demon1.CEL/046.png;196x52;Monster;Demonen i kamp, del 1.
Demon1.CEL;47;30;11;5;32;Demon1.CEL/047.png;120x44;Monster;Demonen i kamp, del 1.
Demon2.CEL;0;49;39;5;32;Demon2.CEL/000.png;196x156;Monster;Demonen i kamp, del 2.
Demon2.CEL;1;24;24;5;32;Demon2.CEL/001.png;96x96;Monster;Demonen i kamp, del 2.
Demon2.CEL;2;36;14;5;32;Demon2.CEL/002.png;144x56;Monster;Demonen i kamp, del 2.
Demon2.CEL;3;17;13;5;32;Demon2.CEL/003.png;68x52;Monster;Demonen i kamp, del 2.
Demon2.CEL;4;39;32;5;32;Demon2.CEL/004.png;156x128;Monster;Demonen i kamp, del 2.
Demon2.CEL;5;14;16;5;32;Demon2.CEL/005.png;56x64;Monster;Demonen i kamp, del 2.
Demon2.CEL;6;37;20;5;32;Demon2.CEL/006.png;148x80;Monster;Demonen i kamp, del 2.
Demon2.CEL;7;19;17;5;32;Demon2.CEL/007.png;76x68;Monster;Demonen i kamp, del 2.
Demon2.CEL;8;42;39;5;32;Demon2.CEL/008.png;168x156;Monster;Demonen i kamp, del 2.
Demon2.CEL;9;11;22;5;32;Demon2.CEL/009.png;44x88;Monster;Demonen i kamp, del 2.
Demon2.CEL;10;41;14;5;32;Demon2.CEL/010.png;164x56;Monster;Demonen i kamp, del 2.
Demon2.CEL;11;58;28;5;32;Demon2.CEL/011.png;232x112;Monster;Demonen i kamp, del 2.
Demon2.CEL;12;40;17;5;32;Demon2.CEL/012.png;160x68;Monster;Demonen i kamp, del 2.
Demon2.CEL;13;24;10;5;32;Demon2.CEL/013.png;96x40;Monster;Demonen i kamp, del 2.
Demon2.CEL;14;71;32;5;32;Demon2.CEL/014.png;284x128;Monster;Demonen i kamp, del 2.
Demon2.CEL;15;24;21;3;8;Demon2.CEL/015.png;96x84;Monster;Demonen i kamp, del 2.
Demon2.CEL;16;22;24;3;8;Demon2.CEL/016.png;88x96;Monster;Demonen i kamp, del 2.
Demon2.CEL;17;69;25;3;8;Demon2.CEL/017.png;276x100;Monster;Demonen i kamp, del 2.
Demon2.CEL;18;25;21;3;8;Demon2.CEL/018.png;100x84;Monster;Demonen i kamp, del 2.
Demon2.CEL;19;21;24;3;8;Demon2.CEL/019.png;84x96;Monster;Demonen i kamp, del 2.
Demon2.CEL;20;73;29;3;8;Demon2.CEL/020.png;292x116;Monster;Demonen i kamp, del 2.
Demon2.CEL;21;27;21;3;8;Demon2.CEL/021.png;108x84;Monster;Demonen i kamp, del 2.
Demon2.CEL;22;19;24;3;8;Demon2.CEL/022.png;76x96;Monster;Demonen i kamp, del 2.
Demon2.CEL;23;73;28;3;8;Demon2.CEL/023.png;292x112;Monster;Demonen i kamp, del 2.
Demon2.CEL;24;26;21;3;8;Demon2.CEL/024.png;104x84;Monster;Demonen i kamp, del 2.
Demon2.CEL;25;21;24;3;8;Demon2.CEL/025.png;84x96;Monster;Demonen i kamp, del 2.
Demon2.CEL;26;20;21;4;16;Demon2.CEL/026.png;80x84;Monster;Demonen i kamp, del 2.
Demon2.CEL;27;32;31;5;32;Demon2.CEL/027.png;128x124;Monster;Demonen i kamp, del 2.
Demon2.CEL;28;16;18;4;16;Demon2.CEL/028.png;64x72;Monster;Demonen i kamp, del 2.
Demon2.CEL;29;38;40;5;32;Demon2.CEL/029.png;152x160;Monster;Demonen i kamp, del 2.
Demon2.CEL;30;11;17;4;16;Demon2.CEL/030.png;44x68;Monster;Demonen i kamp, del 2.
Demon2.CEL;31;9;6;2;4;Demon2.CEL/031.png;36x24;Monster;Demonen i kamp, del 2.
Demon2.CEL;32;13;20;2;4;Demon2.CEL/032.png;52x80;Monster;Demonen i kamp, del 2.
Demon2.CEL;33;47;39;5;32;Demon2.CEL/033.png;188x156;Monster;Demonen i kamp, del 2.
Demon2.CEL;34;21;10;4;16;Demon2.CEL/034.png;84x40;Monster;Demonen i kamp, del 2.
Demon2.CEL;35;35;21;4;16;Demon2.CEL/035.png;140x84;Monster;Demonen i kamp, del 2.
Demon2.CEL;36;53;34;5;32;Demon2.CEL/036.png;212x136;Monster;Demonen i kamp, del 2.
Demon2.CEL;37;20;8;3;8;Demon2.CEL/037.png;80x32;Monster;Demonen i kamp, del 2.
Demon2.CEL;38;42;11;3;8;Demon2.CEL/038.png;168x44;Monster;Demonen i kamp, del 2.
Demon2.CEL;39;18;4;2;4;Demon2.CEL/039.png;72x16;Monster;Demonen i kamp, del 2.
Demon2.CEL;40;24;12;4;16;Demon2.CEL/040.png;96x48;Monster;Demonen i kamp, del 2.
Demon2.CEL;41;21;37;4;16;Demon2.CEL/041.png;84x148;Monster;Demonen i kamp, del 2.
Demon2.CEL;42;27;30;3;8;Demon2.CEL/042.png;108x120;Monster;Demonen i kamp, del 2.
Demon2.CEL;43;39;13;4;16;Demon2.CEL/043.png;156x52;Monster;Demonen i kamp, del 2.
Demon2.CEL;44;9;24;2;4;Demon2.CEL/044.png;36x96;Monster;Demonen i kamp, del 2.
Demon2.CEL;45;16;25;3;8;Demon2.CEL/045.png;64x100;Monster;Demonen i kamp, del 2.
Demon2.CEL;46;16;14;3;8;Demon2.CEL/046.png;64x56;Monster;Demonen i kamp, del 2.
Demon2.CEL;47;20;8;4;16;Demon2.CEL/047.png;80x32;Monster;Demonen i kamp, del 2.
Demon2.CEL;48;48;37;3;8;Demon2.CEL/048.png;192x148;Monster;Demonen i kamp, del 2.
Demon2.CEL;49;22;14;4;16;Demon2.CEL/049.png;88x56;Monster;Demonen i kamp, del 2.
Demon2.CEL;50;24;7;3;8;Demon2.CEL/050.png;96x28;Monster;Demonen i kamp, del 2.
Demon2.CEL;51;19;15;3;8;Demon2.CEL/051.png;76x60;Monster;Demonen i kamp, del 2.
Demon2.CEL;52;13;22;3;8;Demon2.CEL/052.png;52x88;Monster;Demonen i kamp, del 2.
Demon2.CEL;53;40;48;4;16;Demon2.CEL/053.png;160x192;Monster;Demonen i kamp, del 2.
Demon2.CEL;54;34;14;3;8;Demon2.CEL/054.png;136x56;Monster;Demonen i kamp, del 2.
Demon2.CEL;55;17;17;5;32;Demon2.CEL/055.png;68x68;Monster;Demonen i kamp, del 2.
Demon2.CEL;56;11;14;5;32;Demon2.CEL/056.png;44x56;Monster;Demonen i kamp, del 2.
Demon2.CEL;57;25;11;5;32;Demon2.CEL/057.png;100x44;Monster;Demonen i kamp, del 2.
Demon2.CEL;58;21;13;5;32;Demon2.CEL/058.png;84x52;Monster;Demonen i kamp, del 2.
Demon2.CEL;59;22;25;5;32;Demon2.CEL/059.png;88x100;Monster;Demonen i kamp, del 2.
Demon2.CEL;60;44;62;4;16;Demon2.CEL/060.png;176x248;Monster;Demonen i kamp, del 2.
Demon2.CEL;61;16;24;5;32;Demon2.CEL/061.png;64x96;Monster;Demonen i kamp, del 2.
Demon2.CEL;62;22;7;5;32;Demon2.CEL/062.png;88x28;Monster;Demonen i kamp, del 2.
Demon2.CEL;63;26;30;5;32;Demon2.CEL/063.png;104x120;Monster;Demonen i kamp, del 2.
Demon2.CEL;64;17;21;5;32;Demon2.CEL/064.png;68x84;Monster;Demonen i kamp, del 2.
Demon2.CEL;65;33;30;5;32;Demon2.CEL/065.png;132x120;Monster;Demonen i kamp, del 2.
Demon2.CEL;66;8;9;4;16;Demon2.CEL/066.png;32x36;Monster;Demonen i kamp, del 2.
Demon2.CEL;67;45;37;5;32;Demon2.CEL/067.png;180x148;Monster;Demonen i kamp, del 2.
Demon2.CEL;68;30;35;5;32;Demon2.CEL/068.png;120x140;Monster;Demonen i kamp, del 2.
Demon2.CEL;69;47;47;5;32;Demon2.CEL/069.png;188x188;Monster;Demonen i kamp, del 2.
Demon2.CEL;70;39;20;5;32;Demon2.CEL/070.png;156x80;Monster;Demonen i kamp, del 2.
Demon2.CEL;71;19;15;5;32;Demon2.CEL/071.png;76x60;Monster;Demonen i kamp, del 2.
Demon2.CEL;72;8;21;5;32;Demon2.CEL/072.png;32x84;Monster;Demonen i kamp, del 2.
Demon2.CEL;73;30;8;5;32;Demon2.CEL/073.png;120x32;Monster;Demonen i kamp, del 2.
Demon2.CEL;74;15;28;5;32;Demon2.CEL/074.png;60x112;Monster;Demonen i kamp, del 2.
Demon2.CEL;75;27;26;5;32;Demon2.CEL/075.png;108x104;Monster;Demonen i kamp, del 2.
Demon2.CEL;76;30;37;5;32;Demon2.CEL/076.png;120x148;Monster;Demonen i kamp, del 2.
Demon2.CEL;77;72;53;5;32;Demon2.CEL/077.png;288x212;Monster;Demonen i kamp, del 2.
Demon2.CEL;78;60;21;5;32;Demon2.CEL/078.png;240x84;Monster;Demonen i kamp, del 2.
Demon2.CEL;79;14;17;5;32;Demon2.CEL/079.png;56x68;Monster;Demonen i kamp, del 2.
Demon2.CEL;80;19;20;5;32;Demon2.CEL/080.png;76x80;Monster;Demonen i kamp, del 2.
Demon2.CEL;81;12;33;5;32;Demon2.CEL/081.png;48x132;Monster;Demonen i kamp, del 2.
Demon2.CEL;82;27;8;5;32;Demon2.CEL/082.png;108x32;Monster;Demonen i kamp, del 2.
Demon2.CEL;83;13;10;5;32;Demon2.CEL/083.png;52x40;Monster;Demonen i kamp, del 2.
Demon2.CEL;84;16;30;5;32;Demon2.CEL/084.png;64x120;Monster;Demonen i kamp, del 2.
Demon2.CEL;85;17;33;5;32;Demon2.CEL/085.png;68x132;Monster;Demonen i kamp, del 2.
Demon2.CEL;86;47;46;5;32;Demon2.CEL/086.png;188x184;Monster;Demonen i kamp, del 2.
Demon2.CEL;87;15;54;5;32;Demon2.CEL/087.png;60x216;Monster;Demonen i kamp, del 2.
Demon2.CEL;88;33;39;5;32;Demon2.CEL/088.png;132x156;Monster;Demonen i kamp, del 2.
Demon2.CEL;89;67;24;5;32;Demon2.CEL/089.png;268x96;Monster;Demonen i kamp, del 2.
Demon2.CEL;90;11;7;5;32;Demon2.CEL/090.png;44x28;Monster;Demonen i kamp, del 2.
Demon2.CEL;91;14;7;5;32;Demon2.CEL/091.png;56x28;Monster;Demonen i kamp, del 2.
Demon2.CEL;92;11;31;5;32;Demon2.CEL/092.png;44x124;Monster;Demonen i kamp, del 2.
Demon2.CEL;93;40;39;5;32;Demon2.CEL/093.png;160x156;Monster;Demonen i kamp, del 2.
Demon2.CEL;94;49;14;5;32;Demon2.CEL/094.png;196x56;Monster;Demonen i kamp, del 2.
Demon2.CEL;95;10;54;5;32;Demon2.CEL/095.png;40x216;Monster;Demonen i kamp, del 2.
Demon2.CEL;96;18;59;5;32;Demon2.CEL/096.png;72x236;Monster;Demonen i kamp, del 2.
Demon2.CEL;97;31;48;5;32;Demon2.CEL/097.png;124x192;Monster;Demonen i kamp, del 2.
Demon2.CEL;98;67;14;5;32;Demon2.CEL/098.png;268x56;Monster;Demonen i kamp, del 2.
Demon3.CEL;0;12;15;4;16;Demon3.CEL/000.png;48x60;Monster;Demonen i kamp, del 3 (piskeslag).
Demon3.CEL;1;41;11;3;8;Demon3.CEL/001.png;164x44;Monster;Demonen i kamp, del 3 (piskeslag).
Demon3.CEL;2;29;24;3;8;Demon3.CEL/002.png;116x96;Monster;Demonen i kamp, del 3 (piskeslag).
Demon3.CEL;3;19;49;3;8;Demon3.CEL/003.png;76x196;Monster;Demonen i kamp, del 3 (piskeslag).
Demon3.CEL;4;50;30;3;8;Demon3.CEL/004.png;200x120;Monster;Demonen i kamp, del 3 (piskeslag).
Demon3.CEL;5;10;35;2;4;Demon3.CEL/005.png;40x140;Monster;Demonen i kamp, del 3 (piskeslag).
Demon3.CEL;6;65;13;3;8;Demon3.CEL/006.png;260x52;Monster;Demonen i kamp, del 3 (piskeslag).
Demon3.CEL;7;14;22;2;4;Demon3.CEL/007.png;56x88;Monster;Demonen i kamp, del 3 (piskeslag).
Demon3.CEL;8;59;18;2;4;Demon3.CEL/008.png;236x72;Monster;Demonen i kamp, del 3 (piskeslag).
Demon3.CEL;9;8;19;2;4;Demon3.CEL/009.png;32x76;Monster;Demonen i kamp, del 3 (piskeslag).
Demon3.CEL;10;90;12;3;8;Demon3.CEL/010.png;360x48;Monster;Demonen i kamp, del 3 (piskeslag).
Demon3.CEL;11;41;21;3;8;Demon3.CEL/011.png;164x84;Monster;Demonen i kamp, del 3 (piskeslag).
Demon3.CEL;12;27;12;3;8;Demon3.CEL/012.png;108x48;Monster;Demonen i kamp, del 3 (piskeslag).
Demon3.CEL;13;31;13;2;4;Demon3.CEL/013.png;124x52;Monster;Demonen i kamp, del 3 (piskeslag).
Demon3.CEL;14;12;5;2;4;Demon3.CEL/014.png;48x20;Monster;Demonen i kamp, del 3 (piskeslag).
Demon3.CEL;15;30;14;4;16;Demon3.CEL/015.png;120x56;Monster;Demonen i kamp, del 3 (piskeslag).
Demon3.CEL;16;39;18;3;8;Demon3.CEL/016.png;156x72;Monster;Demonen i kamp, del 3 (piskeslag).
Demon3.CEL;17;36;13;3;8;Demon3.CEL/017.png;144x52;Monster;Demonen i kamp, del 3 (piskeslag).
Demon3.CEL;18;43;13;3;8;Demon3.CEL/018.png;172x52;Monster;Demonen i kamp, del 3 (piskeslag).
Demon3.CEL;19;3;30;2;4;Demon3.CEL/019.png;12x120;Monster;Demonen i kamp, del 3 (piskeslag).
Demon3.CEL;20;26;19;4;16;Demon3.CEL/020.png;104x76;Monster;Demonen i kamp, del 3 (piskeslag).
Demon3.CEL;21;52;37;4;16;Demon3.CEL/021.png;208x148;Monster;Demonen i kamp, del 3 (piskeslag).
Demon3.CEL;22;26;18;4;16;Demon3.CEL/022.png;104x72;Monster;Demonen i kamp, del 3 (piskeslag).
Demon3.CEL;23;66;14;4;16;Demon3.CEL/023.png;264x56;Monster;Demonen i kamp, del 3 (piskeslag).
Demon3.CEL;24;32;18;4;16;Demon3.CEL/024.png;128x72;Monster;Demonen i kamp, del 3 (piskeslag).
Demon3.CEL;25;74;17;3;8;Demon3.CEL/025.png;296x68;Monster;Demonen i kamp, del 3 (piskeslag).
Demon3.CEL;26;22;19;4;16;Demon3.CEL/026.png;88x76;Monster;Demonen i kamp, del 3 (piskeslag).
Demon3.CEL;27;43;17;3;8;Demon3.CEL/027.png;172x68;Monster;Demonen i kamp, del 3 (piskeslag).
Demon3.CEL;28;16;27;2;4;Demon3.CEL/028.png;64x108;Monster;Demonen i kamp, del 3 (piskeslag).
Demon3.CEL;29;53;11;2;4;Demon3.CEL/029.png;212x44;Monster;Demonen i kamp, del 3 (piskeslag).
Demon3.CEL;30;19;37;4;16;Demon3.CEL/030.png;76x148;Monster;Demonen i kamp, del 3 (piskeslag).
Demon3.CEL;31;56;10;3;8;Demon3.CEL/031.png;224x40;Monster;Demonen i kamp, del 3 (piskeslag).
Demon3.CEL;32;30;22;3;8;Demon3.CEL/032.png;120x88;Monster;Demonen i kamp, del 3 (piskeslag).
Demon3.CEL;33;21;17;3;8;Demon3.CEL/033.png;84x68;Monster;Demonen i kamp, del 3 (piskeslag).
Demon3.CEL;34;12;21;3;8;Demon3.CEL/034.png;48x84;Monster;Demonen i kamp, del 3 (piskeslag).
Demon3.CEL;35;27;10;3;8;Demon3.CEL/035.png;108x40;Monster;Demonen i kamp, del 3 (piskeslag).
Demon3.CEL;36;28;32;2;4;Demon3.CEL/036.png;112x128;Monster;Demonen i kamp, del 3 (piskeslag).
Demon3.CEL;37;41;10;2;4;Demon3.CEL/037.png;164x40;Monster;Demonen i kamp, del 3 (piskeslag).
Demon3.CEL;38;54;39;5;32;Demon3.CEL/038.png;216x156;Monster;Demonen i kamp, del 3 (piskeslag).
Demon3.CEL;39;73;25;5;32;Demon3.CEL/039.png;292x100;Monster;Demonen i kamp, del 3 (piskeslag).
Demon3.CEL;40;17;15;3;8;Demon3.CEL/040.png;68x60;Monster;Demonen i kamp, del 3 (piskeslag).
Demon3.CEL;41;33;42;3;8;Demon3.CEL/041.png;132x168;Monster;Demonen i kamp, del 3 (piskeslag).
Demon3.CEL;42;21;12;3;8;Demon3.CEL/042.png;84x48;Monster;Demonen i kamp, del 3 (piskeslag).
Demon3.CEL;43;13;19;5;32;Demon3.CEL/043.png;52x76;Monster;Demonen i kamp, del 3 (piskeslag).
Demon3.CEL;44;7;8;3;8;Demon3.CEL/044.png;28x32;Monster;Demonen i kamp, del 3 (piskeslag).
Demon3.CEL;45;31;37;3;8;Demon3.CEL/045.png;124x148;Monster;Demonen i kamp, del 3 (piskeslag).
Demon3.CEL;46;16;12;3;8;Demon3.CEL/046.png;64x48;Monster;Demonen i kamp, del 3 (piskeslag).
Demon3.CEL;47;8;37;1;2;Demon3.CEL/047.png;32x148;Monster;Demonen i kamp, del 3 (piskeslag).
Demon3.CEL;48;34;7;1;2;Demon3.CEL/048.png;136x28;Monster;Demonen i kamp, del 3 (piskeslag).
Demon3.CEL;49;28;24;1;2;Demon3.CEL/049.png;112x96;Monster;Demonen i kamp, del 3 (piskeslag).
Demon4.CEL;0;71;9;5;32;Demon4.CEL/000.png;284x36;Monster;Demonen i kamp, del 4.
Demon4.CEL;1;49;11;5;32;Demon4.CEL/001.png;196x44;Monster;Demonen i kamp, del 4.
Demon4.CEL;2;23;53;5;32;Demon4.CEL/002.png;92x212;Monster;Demonen i kamp, del 4.
Demon4.CEL;3;69;84;5;32;Demon4.CEL/003.png;276x336;Monster;Demonen i kamp, del 4.
Demon4.CEL;4;16;11;4;16;Demon4.CEL/004.png;64x44;Monster;Demonen i kamp, del 4.
Demon4.CEL;5;18;14;5;32;Demon4.CEL/005.png;72x56;Monster;Demonen i kamp, del 4.
Demon4.CEL;6;26;53;5;32;Demon4.CEL/006.png;104x212;Monster;Demonen i kamp, del 4.
Demon4.CEL;7;39;8;5;32;Demon4.CEL/007.png;156x32;Monster;Demonen i kamp, del 4.
Demon4.CEL;8;8;10;5;32;Demon4.CEL/008.png;32x40;Monster;Demonen i kamp, del 4.
Demon4.CEL;9;62;43;5;32;Demon4.CEL/009.png;248x172;Monster;Demonen i kamp, del 4.
Demon4.CEL;10;57;40;5;32;Demon4.CEL/010.png;228x160;Monster;Demonen i kamp, del 4.
Demon4.CEL;11;40;18;4;16;Demon4.CEL/011.png;160x72;Monster;Demonen i kamp, del 4.
Demon4.CEL;12;36;4;5;32;Demon4.CEL/012.png;144x16;Monster;Demonen i kamp, del 4.
Demon4.CEL;13;101;50;5;32;Demon4.CEL/013.png;404x200;Monster;Demonen i kamp, del 4.
Demon4.CEL;14;64;25;5;32;Demon4.CEL/014.png;256x100;Monster;Demonen i kamp, del 4.
Demon4.CEL;15;20;2;4;16;Demon4.CEL/015.png;80x8;Monster;Demonen i kamp, del 4.
Demon4.CEL;16;35;14;5;32;Demon4.CEL/016.png;140x56;Monster;Demonen i kamp, del 4.
Demon4.CEL;17;107;31;5;32;Demon4.CEL/017.png;428x124;Monster;Demonen i kamp, del 4.
Demon4.CEL;18;87;16;5;32;Demon4.CEL/018.png;348x64;Monster;Demonen i kamp, del 4.
Demon4.CEL;19;25;7;5;32;Demon4.CEL/019.png;100x28;Monster;Demonen i kamp, del 4.
Demon4.CEL;20;52;8;5;32;Demon4.CEL/020.png;208x32;Monster;Demonen i kamp, del 4.
Demon4.CEL;21;18;22;5;32;Demon4.CEL/021.png;72x88;Monster;Demonen i kamp, del 4.
Demon4.CEL;22;62;11;5;32;Demon4.CEL/022.png;248x44;Monster;Demonen i kamp, del 4.
Demon4.CEL;23;23;7;5;32;Demon4.CEL/023.png;92x28;Monster;Demonen i kamp, del 4.
Demon4.CEL;24;26;7;5;32;Demon4.CEL/024.png;104x28;Monster;Demonen i kamp, del 4.
Demon4.CEL;25;35;19;5;32;Demon4.CEL/025.png;140x76;Monster;Demonen i kamp, del 4.
Demon4.CEL;26;42;12;5;32;Demon4.CEL/026.png;168x48;Monster;Demonen i kamp, del 4.
dg1.cel;0;50;32;5;32;dg1.cel/000.png;200x128;Monster;Et grønt beist med lange bein, i kamp.
dg1.cel;1;23;15;5;32;dg1.cel/001.png;92x60;Monster;Et grønt beist med lange bein, i kamp.
dg1.cel;2;45;23;5;32;dg1.cel/002.png;180x92;Monster;Et grønt beist med lange bein, i kamp.
dg1.cel;3;13;7;5;32;dg1.cel/003.png;52x28;Monster;Et grønt beist med lange bein, i kamp.
dg1.cel;4;47;29;5;32;dg1.cel/004.png;188x116;Monster;Et grønt beist med lange bein, i kamp.
dg1.cel;5;30;39;5;32;dg1.cel/005.png;120x156;Monster;Et grønt beist med lange bein, i kamp.
dg1.cel;6;56;7;5;32;dg1.cel/006.png;224x28;Monster;Et grønt beist med lange bein, i kamp.
dg1.cel;7;13;11;4;16;dg1.cel/007.png;52x44;Monster;Et grønt beist med lange bein, i kamp.
dg1.cel;8;48;20;5;32;dg1.cel/008.png;192x80;Monster;Et grønt beist med lange bein, i kamp.
dg1.cel;9;30;34;5;32;dg1.cel/009.png;120x136;Monster;Et grønt beist med lange bein, i kamp.
dg1.cel;10;61;5;5;32;dg1.cel/010.png;244x20;Monster;Et grønt beist med lange bein, i kamp.
dg1.cel;11;5;6;4;16;dg1.cel/011.png;20x24;Monster;Et grønt beist med lange bein, i kamp.
dg1.cel;12;65;20;5;32;dg1.cel/012.png;260x80;Monster;Et grønt beist med lange bein, i kamp.
dg1.cel;13;36;25;5;32;dg1.cel/013.png;144x100;Monster;Et grønt beist med lange bein, i kamp.
dg1.cel;14;12;12;5;32;dg1.cel/014.png;48x48;Monster;Et grønt beist med lange bein, i kamp.
dg1.cel;15;64;6;5;32;dg1.cel/015.png;256x24;Monster;Et grønt beist med lange bein, i kamp.
dg1.cel;16;51;26;5;32;dg1.cel/016.png;204x104;Monster;Et grønt beist med lange bein, i kamp.
dg1.cel;17;15;11;4;16;dg1.cel/017.png;60x44;Monster;Et grønt beist med lange bein, i kamp.
dg1.cel;18;47;23;5;32;dg1.cel/018.png;188x92;Monster;Et grønt beist med lange bein, i kamp.
dg1.cel;19;12;7;2;4;dg1.cel/019.png;48x28;Monster;Et grønt beist med lange bein, i kamp.
dg1.cel;20;55;26;5;32;dg1.cel/020.png;220x104;Monster;Et grønt beist med lange bein, i kamp.
dg1.cel;21;21;15;5;32;dg1.cel/021.png;84x60;Monster;Et grønt beist med lange bein, i kamp.
dg1.cel;22;49;8;5;32;dg1.cel/022.png;196x32;Monster;Et grønt beist med lange bein, i kamp.
dg1.cel;23;18;3;2;4;dg1.cel/023.png;72x12;Monster;Et grønt beist med lange bein, i kamp.
dg1.cel;24;53;23;5;32;dg1.cel/024.png;212x92;Monster;Et grønt beist med lange bein, i kamp.
dg1.cel;25;46;16;5;32;dg1.cel/025.png;184x64;Monster;Et grønt beist med lange bein, i kamp.
dg1.cel;26;17;11;4;16;dg1.cel/026.png;68x44;Monster;Et grønt beist med lange bein, i kamp.
dg1.cel;27;83;7;5;32;dg1.cel/027.png;332x28;Monster;Et grønt beist med lange bein, i kamp.
dg1.cel;28;70;39;5;32;dg1.cel/028.png;280x156;Monster;Et grønt beist med lange bein, i kamp.
dg1.cel;29;32;5;2;4;dg1.cel/029.png;128x20;Monster;Et grønt beist med lange bein, i kamp.
dg1.cel;30;21;10;5;32;dg1.cel/030.png;84x40;Monster;Et grønt beist med lange bein, i kamp.
dg1.cel;31;78;37;5;32;dg1.cel/031.png;312x148;Monster;Et grønt beist med lange bein, i kamp.
dg1.cel;32;43;5;2;4;dg1.cel/032.png;172x20;Monster;Et grønt beist med lange bein, i kamp.
dg1.cel;33;37;50;5;32;dg1.cel/033.png;148x200;Monster;Et grønt beist med lange bein, i kamp.
dg1.cel;34;16;11;4;16;dg1.cel/034.png;64x44;Monster;Et grønt beist med lange bein, i kamp.
dg1.cel;35;20;34;5;32;dg1.cel/035.png;80x136;Monster;Et grønt beist med lange bein, i kamp.
dg1.cel;36;5;3;2;4;dg1.cel/036.png;20x12;Monster;Et grønt beist med lange bein, i kamp.
dg1.cel;37;7;1;3;8;dg1.cel/037.png;28x4;Monster;Et grønt beist med lange bein, i kamp.
dg1.cel;38;39;42;5;32;dg1.cel/038.png;156x168;Monster;Et grønt beist med lange bein, i kamp.
dg1.cel;39;27;18;5;32;dg1.cel/039.png;108x72;Monster;Et grønt beist med lange bein, i kamp.
dg1.cel;40;60;10;5;32;dg1.cel/040.png;240x40;Monster;Et grønt beist med lange bein, i kamp.
dg1.cel;41;43;27;5;32;dg1.cel/041.png;172x108;Monster;Et grønt beist med lange bein, i kamp.
dg1.cel;42;42;21;5;32;dg1.cel/042.png;168x84;Monster;Et grønt beist med lange bein, i kamp.
dg1.cel;43;23;13;4;16;dg1.cel/043.png;92x52;Monster;Et grønt beist med lange bein, i kamp.
dg1.cel;44;71;6;5;32;dg1.cel/044.png;284x24;Monster;Et grønt beist med lange bein, i kamp.
dg1.cel;45;16;40;5;32;dg1.cel/045.png;64x160;Monster;Et grønt beist med lange bein, i kamp.
dg1.cel;46;44;54;5;32;dg1.cel/046.png;176x216;Monster;Et grønt beist med lange bein, i kamp.
dg1.cel;47;15;38;5;32;dg1.cel/047.png;60x152;Monster;Et grønt beist med lange bein, i kamp.
dg1.cel;48;36;61;5;32;dg1.cel/048.png;144x244;Monster;Et grønt beist med lange bein, i kamp.
dg1.cel;49;31;17;5;32;dg1.cel/049.png;124x68;Monster;Et grønt beist med lange bein, i kamp.
dg1.cel;50;44;38;5;32;dg1.cel/050.png;176x152;Monster;Et grønt beist med lange bein, i kamp.
dg1.cel;51;64;7;5;32;dg1.cel/051.png;256x28;Monster;Et grønt beist med lange bein, i kamp.
dg1.cel;52;30;13;5;32;dg1.cel/052.png;120x52;Monster;Et grønt beist med lange bein, i kamp.
dg1.cel;53;48;44;5;32;dg1.cel/053.png;192x176;Monster;Et grønt beist med lange bein, i kamp.
dg1.cel;54;58;7;5;32;dg1.cel/054.png;232x28;Monster;Et grønt beist med lange bein, i kamp.
dice.cel;0;53;23;5;32;dice.cel/000.png;212x92;Taverna;Terningspillet: terninger, beger, hender og bordet.
dice.cel;1;53;24;5;32;dice.cel/001.png;212x96;Taverna;Terningspillet: terninger, beger, hender og bordet.
dice.cel;2;53;23;5;32;dice.cel/002.png;212x92;Taverna;Terningspillet: terninger, beger, hender og bordet.
dice.cel;3;53;23;5;32;dice.cel/003.png;212x92;Taverna;Terningspillet: terninger, beger, hender og bordet.
dice.cel;4;53;23;5;32;dice.cel/004.png;212x92;Taverna;Terningspillet: terninger, beger, hender og bordet.
dice.cel;5;53;23;3;8;dice.cel/005.png;212x92;Taverna;Terningspillet: terninger, beger, hender og bordet.
dice.cel;6;43;31;5;32;dice.cel/006.png;172x124;Taverna;Terningspillet: terninger, beger, hender og bordet.
dice.cel;7;43;31;5;32;dice.cel/007.png;172x124;Taverna;Terningspillet: terninger, beger, hender og bordet.
dice.cel;8;46;26;4;16;dice.cel/008.png;184x104;Taverna;Terningspillet: terninger, beger, hender og bordet.
dice.cel;9;40;27;4;16;dice.cel/009.png;160x108;Taverna;Terningspillet: terninger, beger, hender og bordet.
dice.cel;10;15;18;4;16;dice.cel/010.png;60x72;Taverna;Terningspillet: terninger, beger, hender og bordet.
dice.cel;11;12;19;4;16;dice.cel/011.png;48x76;Taverna;Terningspillet: terninger, beger, hender og bordet.
dice.cel;12;17;22;4;16;dice.cel/012.png;68x88;Taverna;Terningspillet: terninger, beger, hender og bordet.
dice.cel;13;16;14;4;16;dice.cel/013.png;64x56;Taverna;Terningspillet: terninger, beger, hender og bordet.
dice.cel;14;17;21;4;16;dice.cel/014.png;68x84;Taverna;Terningspillet: terninger, beger, hender og bordet.
dice.cel;15;15;22;4;16;dice.cel/015.png;60x88;Taverna;Terningspillet: terninger, beger, hender og bordet.
dice.cel;16;15;21;4;16;dice.cel/016.png;60x84;Taverna;Terningspillet: terninger, beger, hender og bordet.
dice.cel;17;16;18;4;16;dice.cel/017.png;64x72;Taverna;Terningspillet: terninger, beger, hender og bordet.
dice.cel;18;19;20;4;16;dice.cel/018.png;76x80;Taverna;Terningspillet: terninger, beger, hender og bordet.
dice.cel;19;18;20;4;16;dice.cel/019.png;72x80;Taverna;Terningspillet: terninger, beger, hender og bordet.
dice.cel;20;15;18;4;16;dice.cel/020.png;60x72;Taverna;Terningspillet: terninger, beger, hender og bordet.
dice.cel;21;15;15;4;16;dice.cel/021.png;60x60;Taverna;Terningspillet: terninger, beger, hender og bordet.
dice.cel;22;16;14;4;16;dice.cel/022.png;64x56;Taverna;Terningspillet: terninger, beger, hender og bordet.
dice.piv;0;320;200;5;32;bg/HASH.png (Lagre bakgrunnen);1280x800;Taverna;Terningspillet i tavernaen.
DRAGON1.CEL;0;3;3;0;0;DRAGON1.CEL/000.png;12x12;Monster;Dragen i kamp, del 1 (de seks første bildene er tomme).
DRAGON1.CEL;1;3;3;0;0;DRAGON1.CEL/001.png;12x12;Monster;Dragen i kamp, del 1 (de seks første bildene er tomme).
DRAGON1.CEL;2;3;3;0;0;DRAGON1.CEL/002.png;12x12;Monster;Dragen i kamp, del 1 (de seks første bildene er tomme).
DRAGON1.CEL;3;3;3;0;0;DRAGON1.CEL/003.png;12x12;Monster;Dragen i kamp, del 1 (de seks første bildene er tomme).
DRAGON1.CEL;4;3;3;0;0;DRAGON1.CEL/004.png;12x12;Monster;Dragen i kamp, del 1 (de seks første bildene er tomme).
DRAGON1.CEL;5;3;3;0;0;DRAGON1.CEL/005.png;12x12;Monster;Dragen i kamp, del 1 (de seks første bildene er tomme).
DRAGON1.CEL;6;122;39;5;32;DRAGON1.CEL/006.png;488x156;Monster;Dragen i kamp, del 1 (de seks første bildene er tomme).
DRAGON1.CEL;7;74;34;4;16;DRAGON1.CEL/007.png;296x136;Monster;Dragen i kamp, del 1 (de seks første bildene er tomme).
DRAGON1.CEL;8;46;23;4;16;DRAGON1.CEL/008.png;184x92;Monster;Dragen i kamp, del 1 (de seks første bildene er tomme).
DRAGON1.CEL;9;73;56;4;16;DRAGON1.CEL/009.png;292x224;Monster;Dragen i kamp, del 1 (de seks første bildene er tomme).
DRAGON1.CEL;10;59;41;5;32;DRAGON1.CEL/010.png;236x164;Monster;Dragen i kamp, del 1 (de seks første bildene er tomme).
DRAGON1.CEL;11;26;25;3;8;DRAGON1.CEL/011.png;104x100;Monster;Dragen i kamp, del 1 (de seks første bildene er tomme).
DRAGON1.CEL;12;64;53;5;32;DRAGON1.CEL/012.png;256x212;Monster;Dragen i kamp, del 1 (de seks første bildene er tomme).
DRAGON1.CEL;13;48;62;4;16;DRAGON1.CEL/013.png;192x248;Monster;Dragen i kamp, del 1 (de seks første bildene er tomme).
DRAGON1.CEL;14;43;86;4;16;DRAGON1.CEL/014.png;172x344;Monster;Dragen i kamp, del 1 (de seks første bildene er tomme).
DRAGON1.CEL;15;24;53;5;32;DRAGON1.CEL/015.png;96x212;Monster;Dragen i kamp, del 1 (de seks første bildene er tomme).
DRAGON1.CEL;16;44;40;3;8;DRAGON1.CEL/016.png;176x160;Monster;Dragen i kamp, del 1 (de seks første bildene er tomme).
DRAGON1.CEL;17;65;50;5;32;DRAGON1.CEL/017.png;260x200;Monster;Dragen i kamp, del 1 (de seks første bildene er tomme).
DRAGON1.CEL;18;59;43;4;16;DRAGON1.CEL/018.png;236x172;Monster;Dragen i kamp, del 1 (de seks første bildene er tomme).
DRAGON1.CEL;19;30;19;3;8;DRAGON1.CEL/019.png;120x76;Monster;Dragen i kamp, del 1 (de seks første bildene er tomme).
DRAGON1.CEL;20;22;16;2;4;DRAGON1.CEL/020.png;88x64;Monster;Dragen i kamp, del 1 (de seks første bildene er tomme).
DRAGON1.CEL;21;41;36;4;16;DRAGON1.CEL/021.png;164x144;Monster;Dragen i kamp, del 1 (de seks første bildene er tomme).
DRAGON2.CEL;0;47;38;4;16;DRAGON2.CEL/000.png;188x152;Monster;Dragen i kamp, del 2.
DRAGON2.CEL;1;43;40;4;16;DRAGON2.CEL/001.png;172x160;Monster;Dragen i kamp, del 2.
DRAGON2.CEL;2;39;41;4;16;DRAGON2.CEL/002.png;156x164;Monster;Dragen i kamp, del 2.
DRAGON2.CEL;3;31;43;4;16;DRAGON2.CEL/003.png;124x172;Monster;Dragen i kamp, del 2.
DRAGON2.CEL;4;36;49;4;16;DRAGON2.CEL/004.png;144x196;Monster;Dragen i kamp, del 2.
DRAGON2.CEL;5;36;48;4;16;DRAGON2.CEL/005.png;144x192;Monster;Dragen i kamp, del 2.
DRAGON2.CEL;6;36;52;4;16;DRAGON2.CEL/006.png;144x208;Monster;Dragen i kamp, del 2.
DRAGON2.CEL;7;44;60;4;16;DRAGON2.CEL/007.png;176x240;Monster;Dragen i kamp, del 2.
DRAGON2.CEL;8;78;21;4;16;DRAGON2.CEL/008.png;312x84;Monster;Dragen i kamp, del 2.
DRAGON2.CEL;9;41;35;4;16;DRAGON2.CEL/009.png;164x140;Monster;Dragen i kamp, del 2.
DRAGON2.CEL;10;30;57;4;16;DRAGON2.CEL/010.png;120x228;Monster;Dragen i kamp, del 2.
DRAGON2.CEL;11;47;32;4;16;DRAGON2.CEL/011.png;188x128;Monster;Dragen i kamp, del 2.
DRAGON2.CEL;12;80;27;4;16;DRAGON2.CEL/012.png;320x108;Monster;Dragen i kamp, del 2.
DRAGON2.CEL;13;3;4;0;0;DRAGON2.CEL/013.png;12x16;Monster;Dragen i kamp, del 2.
DRAGON2.CEL;14;21;10;5;32;DRAGON2.CEL/014.png;84x40;Monster;Dragen i kamp, del 2.
DRAGON2.CEL;15;21;10;4;16;DRAGON2.CEL/015.png;84x40;Monster;Dragen i kamp, del 2.
DRAGON2.CEL;16;59;20;4;16;DRAGON2.CEL/016.png;236x80;Monster;Dragen i kamp, del 2.
DRAGON2.CEL;17;39;38;5;32;DRAGON2.CEL/017.png;156x152;Monster;Dragen i kamp, del 2.
DRAGON2.CEL;18;20;43;4;16;DRAGON2.CEL/018.png;80x172;Monster;Dragen i kamp, del 2.
DRAGON2.CEL;19;35;31;4;16;DRAGON2.CEL/019.png;140x124;Monster;Dragen i kamp, del 2.
DRAGON2.CEL;20;14;16;4;16;DRAGON2.CEL/020.png;56x64;Monster;Dragen i kamp, del 2.
DRAGON2.CEL;21;59;24;4;16;DRAGON2.CEL/021.png;236x96;Monster;Dragen i kamp, del 2.
DRAGON2.CEL;22;91;35;5;32;DRAGON2.CEL/022.png;364x140;Monster;Dragen i kamp, del 2.
DRAGON2.CEL;23;91;34;5;32;DRAGON2.CEL/023.png;364x136;Monster;Dragen i kamp, del 2.
DRAGON2.CEL;24;41;24;5;32;DRAGON2.CEL/024.png;164x96;Monster;Dragen i kamp, del 2.
DRAGON2.CEL;25;42;26;5;32;DRAGON2.CEL/025.png;168x104;Monster;Dragen i kamp, del 2.
DRAGON2.CEL;26;2;3;0;0;DRAGON2.CEL/026.png;8x12;Monster;Dragen i kamp, del 2.
DRAGON2.CEL;27;156;15;2;4;DRAGON2.CEL/027.png;624x60;Monster;Dragen i kamp, del 2.
DRAGON5.CEL;0;21;27;4;16;DRAGON5.CEL/000.png;84x108;Monster;Dragen: ild og flammer.
DRAGON5.CEL;1;51;80;5;32;DRAGON5.CEL/001.png;204x320;Monster;Dragen: ild og flammer.
DRAGON5.CEL;2;39;97;5;32;DRAGON5.CEL/002.png;156x388;Monster;Dragen: ild og flammer.
DRAGON5.CEL;3;54;13;5;32;DRAGON5.CEL/003.png;216x52;Monster;Dragen: ild og flammer.
DRAGON5.CEL;4;41;51;4;16;DRAGON5.CEL/004.png;164x204;Monster;Dragen: ild og flammer.
DRAGON5.CEL;5;56;41;5;32;DRAGON5.CEL/005.png;224x164;Monster;Dragen: ild og flammer.
DRAGON5.CEL;6;36;8;5;32;DRAGON5.CEL/006.png;144x32;Monster;Dragen: ild og flammer.
DRAGON5.CEL;7;9;20;4;16;DRAGON5.CEL/007.png;36x80;Monster;Dragen: ild og flammer.
DRAGON5.CEL;8;23;74;5;32;DRAGON5.CEL/008.png;92x296;Monster;Dragen: ild og flammer.
DRAGON5.CEL;9;28;57;5;32;DRAGON5.CEL/009.png;112x228;Monster;Dragen: ild og flammer.
DRAGON5.CEL;10;19;84;5;32;DRAGON5.CEL/010.png;76x336;Monster;Dragen: ild og flammer.
DRAGON5.CEL;11;36;6;5;32;DRAGON5.CEL/011.png;144x24;Monster;Dragen: ild og flammer.
DRAGON5.CEL;12;18;55;5;32;DRAGON5.CEL/012.png;72x220;Monster;Dragen: ild og flammer.
DRAGON5.CEL;13;14;57;5;32;DRAGON5.CEL/013.png;56x228;Monster;Dragen: ild og flammer.
DRAGON5.CEL;14;19;57;5;32;DRAGON5.CEL/014.png;76x228;Monster;Dragen: ild og flammer.
DRAGON5.CEL;15;41;26;5;32;DRAGON5.CEL/015.png;164x104;Monster;Dragen: ild og flammer.
DRAGON5.CEL;16;37;24;5;32;DRAGON5.CEL/016.png;148x96;Monster;Dragen: ild og flammer.
DRAGON5.CEL;17;42;38;5;32;DRAGON5.CEL/017.png;168x152;Monster;Dragen: ild og flammer.
DRAGON5.CEL;18;6;24;1;2;DRAGON5.CEL/018.png;24x96;Monster;Dragen: ild og flammer.
DRAGON5.CEL;19;41;26;5;32;DRAGON5.CEL/019.png;164x104;Monster;Dragen: ild og flammer.
DRAGON5.CEL;20;46;24;5;32;DRAGON5.CEL/020.png;184x96;Monster;Dragen: ild og flammer.
DRAGON5.CEL;21;32;35;5;32;DRAGON5.CEL/021.png;128x140;Monster;Dragen: ild og flammer.
DRAGON5.CEL;22;11;35;1;2;DRAGON5.CEL/022.png;44x140;Monster;Dragen: ild og flammer.
DRAGON5.CEL;23;25;6;3;8;DRAGON5.CEL/023.png;100x24;Monster;Dragen: ild og flammer.
DRAGON5.CEL;24;43;4;3;8;DRAGON5.CEL/024.png;172x16;Monster;Dragen: ild og flammer.
DRAGON5.CEL;25;47;6;3;8;DRAGON5.CEL/025.png;188x24;Monster;Dragen: ild og flammer.
DRAGON5.CEL;26;52;6;3;8;DRAGON5.CEL/026.png;208x24;Monster;Dragen: ild og flammer.
DRAGON5.CEL;27;58;6;3;8;DRAGON5.CEL/027.png;232x24;Monster;Dragen: ild og flammer.
DRAGON5.CEL;28;64;6;3;8;DRAGON5.CEL/028.png;256x24;Monster;Dragen: ild og flammer.
DRAGON5.CEL;29;66;8;3;8;DRAGON5.CEL/029.png;264x32;Monster;Dragen: ild og flammer.
DRAGON5.CEL;30;74;6;3;8;DRAGON5.CEL/030.png;296x24;Monster;Dragen: ild og flammer.
DRAGON5.CEL;31;48;30;4;16;DRAGON5.CEL/031.png;192x120;Monster;Dragen: ild og flammer.
DRAGON5.CEL;32;26;38;4;16;DRAGON5.CEL/032.png;104x152;Monster;Dragen: ild og flammer.
DRAGON5.CEL;33;14;17;3;8;DRAGON5.CEL/033.png;56x68;Monster;Dragen: ild og flammer.
DRAGON5.CEL;34;48;30;4;16;DRAGON5.CEL/034.png;192x120;Monster;Dragen: ild og flammer.
DRAGON5.CEL;35;32;41;4;16;DRAGON5.CEL/035.png;128x164;Monster;Dragen: ild og flammer.
DRAGON5.CEL;36;30;16;5;32;DRAGON5.CEL/036.png;120x64;Monster;Dragen: ild og flammer.
DRAGON5.CEL;37;28;16;5;32;DRAGON5.CEL/037.png;112x64;Monster;Dragen: ild og flammer.
DRAGON5.CEL;38;17;16;5;32;DRAGON5.CEL/038.png;68x64;Monster;Dragen: ild og flammer.
DRAGON5.CEL;39;18;16;5;32;DRAGON5.CEL/039.png;72x64;Monster;Dragen: ild og flammer.
DRAGON5.CEL;40;13;16;4;16;DRAGON5.CEL/040.png;52x64;Monster;Dragen: ild og flammer.
DRAGON5.CEL;41;7;26;5;32;DRAGON5.CEL/041.png;28x104;Monster;Dragen: ild og flammer.
DRAGON5.CEL;42;13;16;4;16;DRAGON5.CEL/042.png;52x64;Monster;Dragen: ild og flammer.
DRAGON5.CEL;43;7;26;5;32;DRAGON5.CEL/043.png;28x104;Monster;Dragen: ild og flammer.
dw1.cel;0;32;34;5;32;dw1.cel/000.png;128x136;Sted;Hettekledde figurer (druidene ved Stonehenge) og flammer.
dw1.cel;1;43;38;4;16;dw1.cel/001.png;172x152;Sted;Hettekledde figurer (druidene ved Stonehenge) og flammer.
dw1.cel;2;34;38;4;16;dw1.cel/002.png;136x152;Sted;Hettekledde figurer (druidene ved Stonehenge) og flammer.
dw1.cel;3;27;38;4;16;dw1.cel/003.png;108x152;Sted;Hettekledde figurer (druidene ved Stonehenge) og flammer.
dw1.cel;4;37;38;4;16;dw1.cel/004.png;148x152;Sted;Hettekledde figurer (druidene ved Stonehenge) og flammer.
dw1.cel;5;43;38;4;16;dw1.cel/005.png;172x152;Sted;Hettekledde figurer (druidene ved Stonehenge) og flammer.
dw1.cel;6;32;38;4;16;dw1.cel/006.png;128x152;Sted;Hettekledde figurer (druidene ved Stonehenge) og flammer.
dw1.cel;7;27;38;4;16;dw1.cel/007.png;108x152;Sted;Hettekledde figurer (druidene ved Stonehenge) og flammer.
dw1.cel;8;37;38;4;16;dw1.cel/008.png;148x152;Sted;Hettekledde figurer (druidene ved Stonehenge) og flammer.
dw1.cel;9;11;34;5;32;dw1.cel/009.png;44x136;Sted;Hettekledde figurer (druidene ved Stonehenge) og flammer.
dw1.cel;10;12;33;5;32;dw1.cel/010.png;48x132;Sted;Hettekledde figurer (druidene ved Stonehenge) og flammer.
dw1.cel;11;12;34;5;32;dw1.cel/011.png;48x136;Sted;Hettekledde figurer (druidene ved Stonehenge) og flammer.
dw1.cel;12;11;33;5;32;dw1.cel/012.png;44x132;Sted;Hettekledde figurer (druidene ved Stonehenge) og flammer.
dw1.cel;13;39;26;3;8;dw1.cel/013.png;156x104;Sted;Hettekledde figurer (druidene ved Stonehenge) og flammer.
dw1.cel;14;52;20;3;8;dw1.cel/014.png;208x80;Sted;Hettekledde figurer (druidene ved Stonehenge) og flammer.
dw1.cel;15;78;33;5;32;dw1.cel/015.png;312x132;Sted;Hettekledde figurer (druidene ved Stonehenge) og flammer.
dw1.cel;16;57;14;3;8;dw1.cel/016.png;228x56;Sted;Hettekledde figurer (druidene ved Stonehenge) og flammer.
dw1.cel;17;4;3;0;0;dw1.cel/017.png;16x12;Sted;Hettekledde figurer (druidene ved Stonehenge) og flammer.
dw1.cel;18;12;20;3;8;dw1.cel/018.png;48x80;Sted;Hettekledde figurer (druidene ved Stonehenge) og flammer.
dw1.cel;19;23;46;5;32;dw1.cel/019.png;92x184;Sted;Hettekledde figurer (druidene ved Stonehenge) og flammer.
dw1.cel;20;8;28;5;32;dw1.cel/020.png;32x112;Sted;Hettekledde figurer (druidene ved Stonehenge) og flammer.
dw1.cel;21;45;41;3;8;dw1.cel/021.png;180x164;Sted;Hettekledde figurer (druidene ved Stonehenge) og flammer.
dw1.cel;22;64;26;5;32;dw1.cel/022.png;256x104;Sted;Hettekledde figurer (druidene ved Stonehenge) og flammer.
dw1.cel;23;50;28;3;8;dw1.cel/023.png;200x112;Sted;Hettekledde figurer (druidene ved Stonehenge) og flammer.
dw1.cel;24;4;3;0;0;dw1.cel/024.png;16x12;Sted;Hettekledde figurer (druidene ved Stonehenge) og flammer.
dw1.cel;25;4;3;0;0;dw1.cel/025.png;16x12;Sted;Hettekledde figurer (druidene ved Stonehenge) og flammer.
dw1.cel;26;4;9;4;16;dw1.cel/026.png;16x36;Sted;Hettekledde figurer (druidene ved Stonehenge) og flammer.
dw1.cel;27;18;32;4;16;dw1.cel/027.png;72x128;Sted;Hettekledde figurer (druidene ved Stonehenge) og flammer.
dw1.cel;28;7;27;5;32;dw1.cel/028.png;28x108;Sted;Hettekledde figurer (druidene ved Stonehenge) og flammer.
dw1.cel;29;17;35;4;16;dw1.cel/029.png;68x140;Sted;Hettekledde figurer (druidene ved Stonehenge) og flammer.
dw1.cel;30;6;21;5;32;dw1.cel/030.png;24x84;Sted;Hettekledde figurer (druidene ved Stonehenge) og flammer.
dw1.cel;31;36;34;3;8;dw1.cel/031.png;144x136;Sted;Hettekledde figurer (druidene ved Stonehenge) og flammer.
dw1.cel;32;53;22;5;32;dw1.cel/032.png;212x88;Sted;Hettekledde figurer (druidene ved Stonehenge) og flammer.
dw1.cel;33;38;14;3;8;dw1.cel/033.png;152x56;Sted;Hettekledde figurer (druidene ved Stonehenge) og flammer.
dw1.cel;34;49;25;3;8;dw1.cel/034.png;196x100;Sted;Hettekledde figurer (druidene ved Stonehenge) og flammer.
dw1.cel;35;56;9;3;8;dw1.cel/035.png;224x36;Sted;Hettekledde figurer (druidene ved Stonehenge) og flammer.
dw1.cel;36;12;46;5;32;dw1.cel/036.png;48x184;Sted;Hettekledde figurer (druidene ved Stonehenge) og flammer.
dw1.cel;37;22;16;3;8;dw1.cel/037.png;88x64;Sted;Hettekledde figurer (druidene ved Stonehenge) og flammer.
dw1.cel;38;30;11;3;8;dw1.cel/038.png;120x44;Sted;Hettekledde figurer (druidene ved Stonehenge) og flammer.
dw1.cel;39;47;21;5;32;dw1.cel/039.png;188x84;Sted;Hettekledde figurer (druidene ved Stonehenge) og flammer.
dw1.cel;40;40;26;3;8;dw1.cel/040.png;160x104;Sted;Hettekledde figurer (druidene ved Stonehenge) og flammer.
dw1.cel;41;45;13;5;32;dw1.cel/041.png;180x52;Sted;Hettekledde figurer (druidene ved Stonehenge) og flammer.
dw1.cel;42;11;16;4;16;dw1.cel/042.png;44x64;Sted;Hettekledde figurer (druidene ved Stonehenge) og flammer.
dw1.cel;43;41;39;5;32;dw1.cel/043.png;164x156;Sted;Hettekledde figurer (druidene ved Stonehenge) og flammer.
dw1.cel;44;38;34;3;8;dw1.cel/044.png;152x136;Sted;Hettekledde figurer (druidene ved Stonehenge) og flammer.
dw1.cel;45;9;11;4;16;dw1.cel/045.png;36x44;Sted;Hettekledde figurer (druidene ved Stonehenge) og flammer.
dw1.cel;46;34;33;5;32;dw1.cel/046.png;136x132;Sted;Hettekledde figurer (druidene ved Stonehenge) og flammer.
dw1.cel;47;34;29;3;8;dw1.cel/047.png;136x116;Sted;Hettekledde figurer (druidene ved Stonehenge) og flammer.
dw1.cel;48;8;10;4;16;dw1.cel/048.png;32x40;Sted;Hettekledde figurer (druidene ved Stonehenge) og flammer.
dw1.cel;49;30;27;5;32;dw1.cel/049.png;120x108;Sted;Hettekledde figurer (druidene ved Stonehenge) og flammer.
dw1.cel;50;28;24;3;8;dw1.cel/050.png;112x96;Sted;Hettekledde figurer (druidene ved Stonehenge) og flammer.
dw1.cel;51;26;51;5;32;dw1.cel/051.png;104x204;Sted;Hettekledde figurer (druidene ved Stonehenge) og flammer.
dw1.cel;52;24;42;5;32;dw1.cel/052.png;96x168;Sted;Hettekledde figurer (druidene ved Stonehenge) og flammer.
ha1.cel;0;57;84;3;8;ha1.cel/000.png;228x336;Sted;Hender og arm i rustning (Valley of the Gods).
ha1.cel;1;46;36;5;32;ha1.cel/001.png;184x144;Sted;Hender og arm i rustning (Valley of the Gods).
ha1.cel;2;45;40;3;8;ha1.cel/002.png;180x160;Sted;Hender og arm i rustning (Valley of the Gods).
ha1.cel;3;48;19;5;32;ha1.cel/003.png;192x76;Sted;Hender og arm i rustning (Valley of the Gods).
ha1.cel;4;62;32;5;32;ha1.cel/004.png;248x128;Sted;Hender og arm i rustning (Valley of the Gods).
ha1.cel;5;19;20;5;32;ha1.cel/005.png;76x80;Sted;Hender og arm i rustning (Valley of the Gods).
ha1.cel;6;53;52;5;32;ha1.cel/006.png;212x208;Sted;Hender og arm i rustning (Valley of the Gods).
ha1.cel;7;35;13;3;8;ha1.cel/007.png;140x52;Sted;Hender og arm i rustning (Valley of the Gods).
ha1.cel;8;58;24;3;8;ha1.cel/008.png;232x96;Sted;Hender og arm i rustning (Valley of the Gods).
ha1.cel;9;55;24;3;8;ha1.cel/009.png;220x96;Sted;Hender og arm i rustning (Valley of the Gods).
ha1.cel;10;52;19;3;8;ha1.cel/010.png;208x76;Sted;Hender og arm i rustning (Valley of the Gods).
ha1.cel;11;50;37;3;8;ha1.cel/011.png;200x148;Sted;Hender og arm i rustning (Valley of the Gods).
ha1.cel;12;39;38;5;32;ha1.cel/012.png;156x152;Sted;Hender og arm i rustning (Valley of the Gods).
ha1.cel;13;15;57;3;8;ha1.cel/013.png;60x228;Sted;Hender og arm i rustning (Valley of the Gods).
ha1.cel;14;35;76;3;8;ha1.cel/014.png;140x304;Sted;Hender og arm i rustning (Valley of the Gods).
ha1.cel;15;32;48;3;8;ha1.cel/015.png;128x192;Sted;Hender og arm i rustning (Valley of the Gods).
ha1.cel;16;31;8;3;8;ha1.cel/016.png;124x32;Sted;Hender og arm i rustning (Valley of the Gods).
ha1.cel;17;77;23;3;8;ha1.cel/017.png;308x92;Sted;Hender og arm i rustning (Valley of the Gods).
ha1.cel;18;73;28;3;8;ha1.cel/018.png;292x112;Sted;Hender og arm i rustning (Valley of the Gods).
ha1.cel;19;34;43;5;32;ha1.cel/019.png;136x172;Sted;Hender og arm i rustning (Valley of the Gods).
ha1.cel;20;21;32;3;8;ha1.cel/020.png;84x128;Sted;Hender og arm i rustning (Valley of the Gods).
ha1.cel;21;46;26;3;8;ha1.cel/021.png;184x104;Sted;Hender og arm i rustning (Valley of the Gods).
HE1.ob;0;23;54;4;16;HE1.ob/000.png;92x216;Ridder;Ridderen i kamp, gylden rustning, del 1.
HE1.ob;1;33;7;4;16;HE1.ob/001.png;132x28;Ridder;Ridderen i kamp, gylden rustning, del 1.
HE1.ob;2;21;55;4;16;HE1.ob/002.png;84x220;Ridder;Ridderen i kamp, gylden rustning, del 1.
HE1.ob;3;31;7;4;16;HE1.ob/003.png;124x28;Ridder;Ridderen i kamp, gylden rustning, del 1.
HE1.ob;4;22;44;4;16;HE1.ob/004.png;88x176;Ridder;Ridderen i kamp, gylden rustning, del 1.
HE1.ob;5;36;19;4;16;HE1.ob/005.png;144x76;Ridder;Ridderen i kamp, gylden rustning, del 1.
HE1.ob;6;15;32;4;16;HE1.ob/006.png;60x128;Ridder;Ridderen i kamp, gylden rustning, del 1.
HE1.ob;7;27;27;4;16;HE1.ob/007.png;108x108;Ridder;Ridderen i kamp, gylden rustning, del 1.
HE1.ob;8;21;36;4;16;HE1.ob/008.png;84x144;Ridder;Ridderen i kamp, gylden rustning, del 1.
HE1.ob;9;36;24;4;16;HE1.ob/009.png;144x96;Ridder;Ridderen i kamp, gylden rustning, del 1.
HE1.ob;10;21;60;4;16;HE1.ob/010.png;84x240;Ridder;Ridderen i kamp, gylden rustning, del 1.
HE1.ob;11;24;60;4;16;HE1.ob/011.png;96x240;Ridder;Ridderen i kamp, gylden rustning, del 1.
HE1.ob;12;24;59;4;16;HE1.ob/012.png;96x236;Ridder;Ridderen i kamp, gylden rustning, del 1.
HE1.ob;13;21;58;4;16;HE1.ob/013.png;84x232;Ridder;Ridderen i kamp, gylden rustning, del 1.
HE1.ob;14;28;61;4;16;HE1.ob/014.png;112x244;Ridder;Ridderen i kamp, gylden rustning, del 1.
HE1.ob;15;28;62;4;16;HE1.ob/015.png;112x248;Ridder;Ridderen i kamp, gylden rustning, del 1.
HE1.ob;16;31;61;4;16;HE1.ob/016.png;124x244;Ridder;Ridderen i kamp, gylden rustning, del 1.
HE1.ob;17;26;60;4;16;HE1.ob/017.png;104x240;Ridder;Ridderen i kamp, gylden rustning, del 1.
HE1.ob;18;30;51;4;16;HE1.ob/018.png;120x204;Ridder;Ridderen i kamp, gylden rustning, del 1.
HE1.ob;19;45;8;4;16;HE1.ob/019.png;180x32;Ridder;Ridderen i kamp, gylden rustning, del 1.
HE1.ob;20;30;27;4;16;HE1.ob/020.png;120x108;Ridder;Ridderen i kamp, gylden rustning, del 1.
HE1.ob;21;30;26;4;16;HE1.ob/021.png;120x104;Ridder;Ridderen i kamp, gylden rustning, del 1.
HE1.ob;22;46;6;4;16;HE1.ob/022.png;184x24;Ridder;Ridderen i kamp, gylden rustning, del 1.
HE1.ob;23;36;53;4;16;HE1.ob/023.png;144x212;Ridder;Ridderen i kamp, gylden rustning, del 1.
HE1.ob;24;58;5;3;8;HE1.ob/024.png;232x20;Ridder;Ridderen i kamp, gylden rustning, del 1.
HE1.ob;25;20;30;4;16;HE1.ob/025.png;80x120;Ridder;Ridderen i kamp, gylden rustning, del 1.
HE1.ob;26;20;10;4;16;HE1.ob/026.png;80x40;Ridder;Ridderen i kamp, gylden rustning, del 1.
HE1.ob;27;34;35;4;16;HE1.ob/027.png;136x140;Ridder;Ridderen i kamp, gylden rustning, del 1.
HE1.ob;28;34;25;4;16;HE1.ob/028.png;136x100;Ridder;Ridderen i kamp, gylden rustning, del 1.
HE1.ob;29;59;25;4;16;HE1.ob/029.png;236x100;Ridder;Ridderen i kamp, gylden rustning, del 1.
HE1.ob;30;71;6;4;16;HE1.ob/030.png;284x24;Ridder;Ridderen i kamp, gylden rustning, del 1.
HE1.ob;31;29;48;4;16;HE1.ob/031.png;116x192;Ridder;Ridderen i kamp, gylden rustning, del 1.
HE1.ob;32;42;11;4;16;HE1.ob/032.png;168x44;Ridder;Ridderen i kamp, gylden rustning, del 1.
HE1.ob;33;18;28;4;16;HE1.ob/033.png;72x112;Ridder;Ridderen i kamp, gylden rustning, del 1.
HE1.ob;34;27;56;4;16;HE1.ob/034.png;108x224;Ridder;Ridderen i kamp, gylden rustning, del 1.
HE1.ob;35;31;24;4;16;HE1.ob/035.png;124x96;Ridder;Ridderen i kamp, gylden rustning, del 1.
HE1.ob;36;19;44;4;16;HE1.ob/036.png;76x176;Ridder;Ridderen i kamp, gylden rustning, del 1.
HE1.ob;37;27;7;3;8;HE1.ob/037.png;108x28;Ridder;Ridderen i kamp, gylden rustning, del 1.
HE1.ob;38;57;5;2;4;HE1.ob/038.png;228x20;Ridder;Ridderen i kamp, gylden rustning, del 1.
HE1.ob;39;27;30;4;16;HE1.ob/039.png;108x120;Ridder;Ridderen i kamp, gylden rustning, del 1.
HE1.ob;40;22;48;4;16;HE1.ob/040.png;88x192;Ridder;Ridderen i kamp, gylden rustning, del 1.
HE1.ob;41;28;51;4;16;HE1.ob/041.png;112x204;Ridder;Ridderen i kamp, gylden rustning, del 1.
HE1.ob;42;14;29;4;16;HE1.ob/042.png;56x116;Ridder;Ridderen i kamp, gylden rustning, del 1.
HE1.ob;43;37;58;4;16;HE1.ob/043.png;148x232;Ridder;Ridderen i kamp, gylden rustning, del 1.
HE1.ob;44;22;42;4;16;HE1.ob/044.png;88x168;Ridder;Ridderen i kamp, gylden rustning, del 1.
HE1.ob;45;40;26;4;16;HE1.ob/045.png;160x104;Ridder;Ridderen i kamp, gylden rustning, del 1.
HE1.ob;46;24;30;4;16;HE1.ob/046.png;96x120;Ridder;Ridderen i kamp, gylden rustning, del 1.
HE1.ob;47;17;55;4;16;HE1.ob/047.png;68x220;Ridder;Ridderen i kamp, gylden rustning, del 1.
HE1.ob;48;27;26;4;16;HE1.ob/048.png;108x104;Ridder;Ridderen i kamp, gylden rustning, del 1.
HE1.ob;49;36;38;4;16;HE1.ob/049.png;144x152;Ridder;Ridderen i kamp, gylden rustning, del 1.
HE1.ob;50;16;18;4;16;HE1.ob/050.png;64x72;Ridder;Ridderen i kamp, gylden rustning, del 1.
HE1.ob;51;18;17;4;16;HE1.ob/051.png;72x68;Ridder;Ridderen i kamp, gylden rustning, del 1.
HE1.ob;52;15;14;4;16;HE1.ob/052.png;60x56;Ridder;Ridderen i kamp, gylden rustning, del 1.
HE1.ob;53;39;58;4;16;HE1.ob/053.png;156x232;Ridder;Ridderen i kamp, gylden rustning, del 1.
HE1.ob;54;52;26;4;16;HE1.ob/054.png;208x104;Ridder;Ridderen i kamp, gylden rustning, del 1.
HE1.ob;55;24;26;4;16;HE1.ob/055.png;96x104;Ridder;Ridderen i kamp, gylden rustning, del 1.
HE1.ob;56;53;6;3;8;HE1.ob/056.png;212x24;Ridder;Ridderen i kamp, gylden rustning, del 1.
HE1.ob;57;32;25;4;16;HE1.ob/057.png;128x100;Ridder;Ridderen i kamp, gylden rustning, del 1.
HE1.ob;58;45;8;3;8;HE1.ob/058.png;180x32;Ridder;Ridderen i kamp, gylden rustning, del 1.
HE1.ob;59;25;17;4;16;HE1.ob/059.png;100x68;Ridder;Ridderen i kamp, gylden rustning, del 1.
HE2.ob;0;25;51;4;16;HE2.ob/000.png;100x204;Ridder;Ridderen i kamp, gylden rustning, del 2.
HE2.ob;1;35;13;4;16;HE2.ob/001.png;140x52;Ridder;Ridderen i kamp, gylden rustning, del 2.
HE2.ob;2;47;36;4;16;HE2.ob/002.png;188x144;Ridder;Ridderen i kamp, gylden rustning, del 2.
HE2.ob;3;20;30;4;16;HE2.ob/003.png;80x120;Ridder;Ridderen i kamp, gylden rustning, del 2.
HE2.ob;4;16;54;4;16;HE2.ob/004.png;64x216;Ridder;Ridderen i kamp, gylden rustning, del 2.
HE2.ob;5;13;20;4;16;HE2.ob/005.png;52x80;Ridder;Ridderen i kamp, gylden rustning, del 2.
HE2.ob;6;55;25;4;16;HE2.ob/006.png;220x100;Ridder;Ridderen i kamp, gylden rustning, del 2.
HE2.ob;7;29;25;4;16;HE2.ob/007.png;116x100;Ridder;Ridderen i kamp, gylden rustning, del 2.
HE2.ob;8;44;7;4;16;HE2.ob/008.png;176x28;Ridder;Ridderen i kamp, gylden rustning, del 2.
HE2.ob;9;24;27;4;16;HE2.ob/009.png;96x108;Ridder;Ridderen i kamp, gylden rustning, del 2.
HE2.ob;10;15;41;4;16;HE2.ob/010.png;60x164;Ridder;Ridderen i kamp, gylden rustning, del 2.
HE2.ob;11;10;23;3;8;HE2.ob/011.png;40x92;Ridder;Ridderen i kamp, gylden rustning, del 2.
HE2.ob;12;26;16;4;16;HE2.ob/012.png;104x64;Ridder;Ridderen i kamp, gylden rustning, del 2.
HE2.ob;13;36;61;4;16;HE2.ob/013.png;144x244;Ridder;Ridderen i kamp, gylden rustning, del 2.
HE2.ob;14;43;64;4;16;HE2.ob/014.png;172x256;Ridder;Ridderen i kamp, gylden rustning, del 2.
HE2.ob;15;15;22;4;16;HE2.ob/015.png;60x88;Ridder;Ridderen i kamp, gylden rustning, del 2.
HE2.ob;16;36;20;4;16;HE2.ob/016.png;144x80;Ridder;Ridderen i kamp, gylden rustning, del 2.
HE2.ob;17;57;57;4;16;HE2.ob/017.png;228x228;Ridder;Ridderen i kamp, gylden rustning, del 2.
HE2.ob;18;50;7;2;4;HE2.ob/018.png;200x28;Ridder;Ridderen i kamp, gylden rustning, del 2.
HE2.ob;19;35;48;4;16;HE2.ob/019.png;140x192;Ridder;Ridderen i kamp, gylden rustning, del 2.
HE2.ob;20;30;37;4;16;HE2.ob/020.png;120x148;Ridder;Ridderen i kamp, gylden rustning, del 2.
HE2.ob;21;59;5;2;4;HE2.ob/021.png;236x20;Ridder;Ridderen i kamp, gylden rustning, del 2.
HE2.ob;22;38;13;4;16;HE2.ob/022.png;152x52;Ridder;Ridderen i kamp, gylden rustning, del 2.
HE2.ob;23;58;25;4;16;HE2.ob/023.png;232x100;Ridder;Ridderen i kamp, gylden rustning, del 2.
HE3.ob;0;40;60;4;16;HE3.ob/000.png;160x240;Ridder;Ridderen i kamp, gylden rustning, del 3.
HE3.ob;1;23;23;4;16;HE3.ob/001.png;92x92;Ridder;Ridderen i kamp, gylden rustning, del 3.
HE3.ob;2;35;41;4;16;HE3.ob/002.png;140x164;Ridder;Ridderen i kamp, gylden rustning, del 3.
HE3.ob;3;56;8;4;16;HE3.ob/003.png;224x32;Ridder;Ridderen i kamp, gylden rustning, del 3.
HE3.ob;4;28;34;4;16;HE3.ob/004.png;112x136;Ridder;Ridderen i kamp, gylden rustning, del 3.
HE3.ob;5;19;20;4;16;HE3.ob/005.png;76x80;Ridder;Ridderen i kamp, gylden rustning, del 3.
HE3.ob;6;11;25;4;16;HE3.ob/006.png;44x100;Ridder;Ridderen i kamp, gylden rustning, del 3.
HE3.ob;7;4;5;4;16;HE3.ob/007.png;16x20;Ridder;Ridderen i kamp, gylden rustning, del 3.
HE3.ob;8;8;30;4;16;HE3.ob/008.png;32x120;Ridder;Ridderen i kamp, gylden rustning, del 3.
HE3.ob;9;9;10;4;16;HE3.ob/009.png;36x40;Ridder;Ridderen i kamp, gylden rustning, del 3.
HE3.ob;10;41;55;4;16;HE3.ob/010.png;164x220;Ridder;Ridderen i kamp, gylden rustning, del 3.
HE3.ob;11;40;12;4;16;HE3.ob/011.png;160x48;Ridder;Ridderen i kamp, gylden rustning, del 3.
HE3.ob;12;48;53;4;16;HE3.ob/012.png;192x212;Ridder;Ridderen i kamp, gylden rustning, del 3.
HE3.ob;13;17;8;4;16;HE3.ob/013.png;68x32;Ridder;Ridderen i kamp, gylden rustning, del 3.
HE3.ob;14;26;12;4;16;HE3.ob/014.png;104x48;Ridder;Ridderen i kamp, gylden rustning, del 3.
HE3.ob;15;31;13;4;16;HE3.ob/015.png;124x52;Ridder;Ridderen i kamp, gylden rustning, del 3.
HE3.ob;16;12;9;4;16;HE3.ob/016.png;48x36;Ridder;Ridderen i kamp, gylden rustning, del 3.
HE3.ob;17;23;2;4;16;HE3.ob/017.png;92x8;Ridder;Ridderen i kamp, gylden rustning, del 3.
HE3.ob;18;48;45;4;16;HE3.ob/018.png;192x180;Ridder;Ridderen i kamp, gylden rustning, del 3.
HE3.ob;19;11;15;4;16;HE3.ob/019.png;44x60;Ridder;Ridderen i kamp, gylden rustning, del 3.
HE3.ob;20;55;29;4;16;HE3.ob/020.png;220x116;Ridder;Ridderen i kamp, gylden rustning, del 3.
HE3.ob;21;21;14;4;16;HE3.ob/021.png;84x56;Ridder;Ridderen i kamp, gylden rustning, del 3.
HE3.ob;22;21;19;4;16;HE3.ob/022.png;84x76;Ridder;Ridderen i kamp, gylden rustning, del 3.
HE3.ob;23;74;15;4;16;HE3.ob/023.png;296x60;Ridder;Ridderen i kamp, gylden rustning, del 3.
HE3.ob;24;28;10;4;16;HE3.ob/024.png;112x40;Ridder;Ridderen i kamp, gylden rustning, del 3.
HE3.ob;25;67;16;4;16;HE3.ob/025.png;268x64;Ridder;Ridderen i kamp, gylden rustning, del 3.
HE3.ob;26;10;10;3;8;HE3.ob/026.png;40x40;Ridder;Ridderen i kamp, gylden rustning, del 3.
HE3.ob;27;36;9;3;8;HE3.ob/027.png;144x36;Ridder;Ridderen i kamp, gylden rustning, del 3.
HE3.ob;28;20;40;4;16;HE3.ob/028.png;80x160;Ridder;Ridderen i kamp, gylden rustning, del 3.
HE3.ob;29;16;53;4;16;HE3.ob/029.png;64x212;Ridder;Ridderen i kamp, gylden rustning, del 3.
HE3.ob;30;9;13;4;16;HE3.ob/030.png;36x52;Ridder;Ridderen i kamp, gylden rustning, del 3.
HE3.ob;31;4;2;2;4;HE3.ob/031.png;16x8;Ridder;Ridderen i kamp, gylden rustning, del 3.
HE3.ob;32;22;60;4;16;HE3.ob/032.png;88x240;Ridder;Ridderen i kamp, gylden rustning, del 3.
HE3.ob;33;12;20;4;16;HE3.ob/033.png;48x80;Ridder;Ridderen i kamp, gylden rustning, del 3.
HE3.ob;34;16;11;4;16;HE3.ob/034.png;64x44;Ridder;Ridderen i kamp, gylden rustning, del 3.
HE3.ob;35;15;18;4;16;HE3.ob/035.png;60x72;Ridder;Ridderen i kamp, gylden rustning, del 3.
HE3.ob;36;7;3;2;4;HE3.ob/036.png;28x12;Ridder;Ridderen i kamp, gylden rustning, del 3.
HE3.ob;37;15;18;4;16;HE3.ob/037.png;60x72;Ridder;Ridderen i kamp, gylden rustning, del 3.
HE3.ob;38;11;26;4;16;HE3.ob/038.png;44x104;Ridder;Ridderen i kamp, gylden rustning, del 3.
HE3.ob;39;9;3;2;4;HE3.ob/039.png;36x12;Ridder;Ridderen i kamp, gylden rustning, del 3.
HE3.ob;40;26;28;4;16;HE3.ob/040.png;104x112;Ridder;Ridderen i kamp, gylden rustning, del 3.
HE3.ob;41;13;3;2;4;HE3.ob/041.png;52x12;Ridder;Ridderen i kamp, gylden rustning, del 3.
HE3.ob;42;17;9;4;16;HE3.ob/042.png;68x36;Ridder;Ridderen i kamp, gylden rustning, del 3.
HE3.ob;43;11;24;4;16;HE3.ob/043.png;44x96;Ridder;Ridderen i kamp, gylden rustning, del 3.
HE3.ob;44;14;3;2;4;HE3.ob/044.png;56x12;Ridder;Ridderen i kamp, gylden rustning, del 3.
HE3.ob;45;16;16;4;16;HE3.ob/045.png;64x64;Ridder;Ridderen i kamp, gylden rustning, del 3.
HE3.ob;46;17;9;4;16;HE3.ob/046.png;68x36;Ridder;Ridderen i kamp, gylden rustning, del 3.
HE3.ob;47;23;16;4;16;HE3.ob/047.png;92x64;Ridder;Ridderen i kamp, gylden rustning, del 3.
HE3.ob;48;16;16;4;16;HE3.ob/048.png;64x64;Ridder;Ridderen i kamp, gylden rustning, del 3.
HE3.ob;49;31;17;4;16;HE3.ob/049.png;124x68;Ridder;Ridderen i kamp, gylden rustning, del 3.
HE3.ob;50;16;7;4;16;HE3.ob/050.png;64x28;Ridder;Ridderen i kamp, gylden rustning, del 3.
HE3.ob;51;18;16;4;16;HE3.ob/051.png;72x64;Ridder;Ridderen i kamp, gylden rustning, del 3.
HE3.ob;52;28;12;4;16;HE3.ob/052.png;112x48;Ridder;Ridderen i kamp, gylden rustning, del 3.
HE3.ob;53;17;2;4;16;HE3.ob/053.png;68x8;Ridder;Ridderen i kamp, gylden rustning, del 3.
HE3.ob;54;13;5;4;16;HE3.ob/054.png;52x20;Ridder;Ridderen i kamp, gylden rustning, del 3.
HE3.ob;55;18;13;4;16;HE3.ob/055.png;72x52;Ridder;Ridderen i kamp, gylden rustning, del 3.
HE3.ob;56;35;9;4;16;HE3.ob/056.png;140x36;Ridder;Ridderen i kamp, gylden rustning, del 3.
HE3.ob;57;40;8;4;16;HE3.ob/057.png;160x32;Ridder;Ridderen i kamp, gylden rustning, del 3.
HE3.ob;58;27;25;4;16;HE3.ob/058.png;108x100;Ridder;Ridderen i kamp, gylden rustning, del 3.
HE3.ob;59;20;9;4;16;HE3.ob/059.png;80x36;Ridder;Ridderen i kamp, gylden rustning, del 3.
HE3.ob;60;23;10;4;16;HE3.ob/060.png;92x40;Ridder;Ridderen i kamp, gylden rustning, del 3.
HE3.ob;61;20;6;4;16;HE3.ob/061.png;80x24;Ridder;Ridderen i kamp, gylden rustning, del 3.
HE3.ob;62;28;10;4;16;HE3.ob/062.png;112x40;Ridder;Ridderen i kamp, gylden rustning, del 3.
HE3.ob;63;25;7;4;16;HE3.ob/063.png;100x28;Ridder;Ridderen i kamp, gylden rustning, del 3.
hea.piv;0;320;200;5;32;bg/HASH.png (Lagre bakgrunnen);1280x800;By;Healeren.
hen1.c;0;24;17;5;32;hen1.c/000.png;96x68;Sted;Figurer til templet (ting og flammer).
hen1.c;1;34;32;5;32;hen1.c/001.png;136x128;Sted;Figurer til templet (ting og flammer).
hen1.c;2;34;18;5;32;hen1.c/002.png;136x72;Sted;Figurer til templet (ting og flammer).
hen1.c;3;34;11;5;32;hen1.c/003.png;136x44;Sted;Figurer til templet (ting og flammer).
hen1.c;4;34;12;5;32;hen1.c/004.png;136x48;Sted;Figurer til templet (ting og flammer).
hen1.c;5;36;21;5;32;hen1.c/005.png;144x84;Sted;Figurer til templet (ting og flammer).
hen1.c;6;28;26;5;32;hen1.c/006.png;112x104;Sted;Figurer til templet (ting og flammer).
hen1.c;7;5;18;4;16;hen1.c/007.png;20x72;Sted;Figurer til templet (ting og flammer).
hen1.c;8;8;19;4;16;hen1.c/008.png;32x76;Sted;Figurer til templet (ting og flammer).
hen1.c;9;4;22;4;16;hen1.c/009.png;16x88;Sted;Figurer til templet (ting og flammer).
hen1.c;10;5;19;4;16;hen1.c/010.png;20x76;Sted;Figurer til templet (ting og flammer).
hen1.c;11;4;23;4;16;hen1.c/011.png;16x92;Sted;Figurer til templet (ting og flammer).
hen1.c;12;5;16;4;16;hen1.c/012.png;20x64;Sted;Figurer til templet (ting og flammer).
hen1.c;13;3;14;4;16;hen1.c/013.png;12x56;Sted;Figurer til templet (ting og flammer).
hen1.c;14;6;15;4;16;hen1.c/014.png;24x60;Sted;Figurer til templet (ting og flammer).
hen1.c;15;3;16;4;16;hen1.c/015.png;12x64;Sted;Figurer til templet (ting og flammer).
hen1.c;16;3;11;4;16;hen1.c/016.png;12x44;Sted;Figurer til templet (ting og flammer).
hen1.c;17;5;12;4;16;hen1.c/017.png;20x48;Sted;Figurer til templet (ting og flammer).
hen1.c;18;2;14;4;16;hen1.c/018.png;8x56;Sted;Figurer til templet (ting og flammer).
hen1.c;19;9;22;5;32;hen1.c/019.png;36x88;Sted;Figurer til templet (ting og flammer).
hen1.c;20;9;22;5;32;hen1.c/020.png;36x88;Sted;Figurer til templet (ting og flammer).
hen1.c;21;9;21;5;32;hen1.c/021.png;36x84;Sted;Figurer til templet (ting og flammer).
hen1.c;22;6;16;5;32;hen1.c/022.png;24x64;Sted;Figurer til templet (ting og flammer).
hen1.c;23;6;17;5;32;hen1.c/023.png;24x68;Sted;Figurer til templet (ting og flammer).
hen1.c;24;6;14;5;32;hen1.c/024.png;24x56;Sted;Figurer til templet (ting og flammer).
hen1.c;25;23;64;5;32;hen1.c/025.png;92x256;Sted;Figurer til templet (ting og flammer).
hen1.c;26;25;63;5;32;hen1.c/026.png;100x252;Sted;Figurer til templet (ting og flammer).
hen1.c;27;22;63;5;32;hen1.c/027.png;88x252;Sted;Figurer til templet (ting og flammer).
hen1.c;28;19;12;4;16;hen1.c/028.png;76x48;Sted;Figurer til templet (ting og flammer).
hen1.c;29;25;13;4;16;hen1.c/029.png;100x52;Sted;Figurer til templet (ting og flammer).
hen1.c;30;40;48;5;32;hen1.c/030.png;160x192;Sted;Figurer til templet (ting og flammer).
hen1.c;31;25;55;4;16;hen1.c/031.png;100x220;Sted;Figurer til templet (ting og flammer).
hen1.c;32;33;18;5;32;hen1.c/032.png;132x72;Sted;Figurer til templet (ting og flammer).
hen1.c;33;18;24;4;16;hen1.c/033.png;72x96;Sted;Figurer til templet (ting og flammer).
hen1.c;34;29;21;4;16;hen1.c/034.png;116x84;Sted;Figurer til templet (ting og flammer).
hen1.c;35;38;28;5;32;hen1.c/035.png;152x112;Sted;Figurer til templet (ting og flammer).
hen1.c;36;29;34;5;32;hen1.c/036.png;116x136;Sted;Figurer til templet (ting og flammer).
hen1.c;37;35;12;4;16;hen1.c/037.png;140x48;Sted;Figurer til templet (ting og flammer).
hen1.c;38;34;16;4;16;hen1.c/038.png;136x64;Sted;Figurer til templet (ting og flammer).
hen1.c;39;32;16;5;32;hen1.c/039.png;128x64;Sted;Figurer til templet (ting og flammer).
hen1.c;40;12;21;4;16;hen1.c/040.png;48x84;Sted;Figurer til templet (ting og flammer).
hen1.c;41;33;44;4;16;hen1.c/041.png;132x176;Sted;Figurer til templet (ting og flammer).
hen1.c;42;41;40;4;16;hen1.c/042.png;164x160;Sted;Figurer til templet (ting og flammer).
hen1.c;43;38;35;4;16;hen1.c/043.png;152x140;Sted;Figurer til templet (ting og flammer).
hen1.c;44;34;32;4;16;hen1.c/044.png;136x128;Sted;Figurer til templet (ting og flammer).
hen1.c;45;30;29;4;16;hen1.c/045.png;120x116;Sted;Figurer til templet (ting og flammer).
hen1.c;46;28;27;4;16;hen1.c/046.png;112x108;Sted;Figurer til templet (ting og flammer).
hen1.c;47;25;25;4;16;hen1.c/047.png;100x100;Sted;Figurer til templet (ting og flammer).
hen1.c;48;24;23;4;16;hen1.c/048.png;96x92;Sted;Figurer til templet (ting og flammer).
hen1.c;49;22;21;4;16;hen1.c/049.png;88x84;Sted;Figurer til templet (ting og flammer).
hen1.c;50;21;20;4;16;hen1.c/050.png;84x80;Sted;Figurer til templet (ting og flammer).
hen1.c;51;18;18;4;16;hen1.c/051.png;72x72;Sted;Figurer til templet (ting og flammer).
hen1.c;52;18;16;4;16;hen1.c/052.png;72x64;Sted;Figurer til templet (ting og flammer).
hen1.c;53;16;15;4;16;hen1.c/053.png;64x60;Sted;Figurer til templet (ting og flammer).
hen1.c;54;11;11;4;16;hen1.c/054.png;44x44;Sted;Figurer til templet (ting og flammer).
hen1.p;0;320;200;5;32;bg/HASH.png (Lagre bakgrunnen);1280x800;Sted;Templet (samme scene som bg5, en annen variant).
HighWood.PIV;0;320;200;5;32;bg/HASH.png (Lagre bakgrunnen);1280x800;By;Byen Highwood: borgen, med menyen Visit, Merchant, Tavern, Healer, High Temple, Exit til høyre.
ki.cel;0;15;16;4;16;ki.cel/000.png;60x64;Inventar;Tingene i inventaret: skjold, flasker, ruller, nøkler osv.
ki.cel;1;15;16;4;16;ki.cel/001.png;60x64;Inventar;Tingene i inventaret: skjold, flasker, ruller, nøkler osv.
ki.cel;2;15;16;4;16;ki.cel/002.png;60x64;Inventar;Tingene i inventaret: skjold, flasker, ruller, nøkler osv.
ki.cel;3;7;9;4;16;ki.cel/003.png;28x36;Inventar;Tingene i inventaret: skjold, flasker, ruller, nøkler osv.
ki.cel;4;10;12;4;16;ki.cel/004.png;40x48;Inventar;Tingene i inventaret: skjold, flasker, ruller, nøkler osv.
ki.cel;5;15;16;3;8;ki.cel/005.png;60x64;Inventar;Tingene i inventaret: skjold, flasker, ruller, nøkler osv.
ki.cel;6;15;16;3;8;ki.cel/006.png;60x64;Inventar;Tingene i inventaret: skjold, flasker, ruller, nøkler osv.
ki.cel;7;15;16;3;8;ki.cel/007.png;60x64;Inventar;Tingene i inventaret: skjold, flasker, ruller, nøkler osv.
ki.cel;8;15;16;3;8;ki.cel/008.png;60x64;Inventar;Tingene i inventaret: skjold, flasker, ruller, nøkler osv.
ki.cel;9;13;15;4;16;ki.cel/009.png;52x60;Inventar;Tingene i inventaret: skjold, flasker, ruller, nøkler osv.
ki.cel;10;16;27;4;16;ki.cel/010.png;64x108;Inventar;Tingene i inventaret: skjold, flasker, ruller, nøkler osv.
ki.cel;11;10;16;4;16;ki.cel/011.png;40x64;Inventar;Tingene i inventaret: skjold, flasker, ruller, nøkler osv.
ki.cel;12;10;16;4;16;ki.cel/012.png;40x64;Inventar;Tingene i inventaret: skjold, flasker, ruller, nøkler osv.
ki.cel;13;10;16;4;16;ki.cel/013.png;40x64;Inventar;Tingene i inventaret: skjold, flasker, ruller, nøkler osv.
ki.cel;14;10;16;4;16;ki.cel/014.png;40x64;Inventar;Tingene i inventaret: skjold, flasker, ruller, nøkler osv.
ki.cel;15;10;16;4;16;ki.cel/015.png;40x64;Inventar;Tingene i inventaret: skjold, flasker, ruller, nøkler osv.
ki.cel;16;4;16;4;16;ki.cel/016.png;16x64;Inventar;Tingene i inventaret: skjold, flasker, ruller, nøkler osv.
ki.cel;17;13;15;5;32;ki.cel/017.png;52x60;Inventar;Tingene i inventaret: skjold, flasker, ruller, nøkler osv.
ki.cel;18;13;15;5;32;ki.cel/018.png;52x60;Inventar;Tingene i inventaret: skjold, flasker, ruller, nøkler osv.
ki.cel;19;13;15;5;32;ki.cel/019.png;52x60;Inventar;Tingene i inventaret: skjold, flasker, ruller, nøkler osv.
ki.cel;20;13;15;5;32;ki.cel/020.png;52x60;Inventar;Tingene i inventaret: skjold, flasker, ruller, nøkler osv.
ki.cel;21;5;12;3;8;ki.cel/021.png;20x48;Inventar;Tingene i inventaret: skjold, flasker, ruller, nøkler osv.
ki.cel;22;65;9;4;16;ki.cel/022.png;260x36;Inventar;Tingene i inventaret: skjold, flasker, ruller, nøkler osv.
ki.cel;23;71;11;4;16;ki.cel/023.png;284x44;Inventar;Tingene i inventaret: skjold, flasker, ruller, nøkler osv.
ki.cel;24;82;11;4;16;ki.cel/024.png;328x44;Inventar;Tingene i inventaret: skjold, flasker, ruller, nøkler osv.
ki.cel;25;85;9;4;16;ki.cel/025.png;340x36;Inventar;Tingene i inventaret: skjold, flasker, ruller, nøkler osv.
ki.cel;26;25;117;5;32;ki.cel/026.png;100x468;Inventar;Tingene i inventaret: skjold, flasker, ruller, nøkler osv.
ki.cel;27;37;27;4;16;ki.cel/027.png;148x108;Inventar;Tingene i inventaret: skjold, flasker, ruller, nøkler osv.
ki.cel;28;39;30;4;16;ki.cel/028.png;156x120;Inventar;Tingene i inventaret: skjold, flasker, ruller, nøkler osv.
ki.cel;29;39;34;4;16;ki.cel/029.png;156x136;Inventar;Tingene i inventaret: skjold, flasker, ruller, nøkler osv.
ki.cel;30;43;33;3;8;ki.cel/030.png;172x132;Inventar;Tingene i inventaret: skjold, flasker, ruller, nøkler osv.
ki.cel;31;18;14;5;32;ki.cel/031.png;72x56;Inventar;Tingene i inventaret: skjold, flasker, ruller, nøkler osv.
ki.cel;32;41;27;5;32;ki.cel/032.png;164x108;Inventar;Tingene i inventaret: skjold, flasker, ruller, nøkler osv.
ki.cel;33;46;26;5;32;ki.cel/033.png;184x104;Inventar;Tingene i inventaret: skjold, flasker, ruller, nøkler osv.
ki.cel;34;27;60;5;32;ki.cel/034.png;108x240;Inventar;Tingene i inventaret: skjold, flasker, ruller, nøkler osv.
ki.cel;35;15;12;5;32;ki.cel/035.png;60x48;Inventar;Tingene i inventaret: skjold, flasker, ruller, nøkler osv.
ki.cel;36;53;19;5;32;ki.cel/036.png;212x76;Inventar;Tingene i inventaret: skjold, flasker, ruller, nøkler osv.
ki.cel;37;35;25;5;32;ki.cel/037.png;140x100;Inventar;Tingene i inventaret: skjold, flasker, ruller, nøkler osv.
ki.cel;38;29;5;3;8;ki.cel/038.png;116x20;Inventar;Tingene i inventaret: skjold, flasker, ruller, nøkler osv.
ki.cel;39;29;5;3;8;ki.cel/039.png;116x20;Inventar;Tingene i inventaret: skjold, flasker, ruller, nøkler osv.
ki.cel;40;29;5;3;8;ki.cel/040.png;116x20;Inventar;Tingene i inventaret: skjold, flasker, ruller, nøkler osv.
ki.cel;41;32;5;3;8;ki.cel/041.png;128x20;Inventar;Tingene i inventaret: skjold, flasker, ruller, nøkler osv.
ki.cel;42;43;5;3;8;ki.cel/042.png;172x20;Inventar;Tingene i inventaret: skjold, flasker, ruller, nøkler osv.
ki.cel;43;56;5;3;8;ki.cel/043.png;224x20;Inventar;Tingene i inventaret: skjold, flasker, ruller, nøkler osv.
ki.cel;44;28;15;5;32;ki.cel/044.png;112x60;Inventar;Tingene i inventaret: skjold, flasker, ruller, nøkler osv.
ki.cel;45;57;44;4;16;ki.cel/045.png;228x176;Inventar;Tingene i inventaret: skjold, flasker, ruller, nøkler osv.
ki.cel;46;57;44;4;16;ki.cel/046.png;228x176;Inventar;Tingene i inventaret: skjold, flasker, ruller, nøkler osv.
ki.cel;47;57;44;4;16;ki.cel/047.png;228x176;Inventar;Tingene i inventaret: skjold, flasker, ruller, nøkler osv.
ki.cel;48;57;44;4;16;ki.cel/048.png;228x176;Inventar;Tingene i inventaret: skjold, flasker, ruller, nøkler osv.
ki.cel;49;57;44;4;16;ki.cel/049.png;228x176;Inventar;Tingene i inventaret: skjold, flasker, ruller, nøkler osv.
Klift1.CEL;0;24;17;5;32;Klift1.CEL/000.png;96x68;Monster;Klift i kamp.
Klift1.CEL;1;34;32;5;32;Klift1.CEL/001.png;136x128;Monster;Klift i kamp.
Klift1.CEL;2;34;18;5;32;Klift1.CEL/002.png;136x72;Monster;Klift i kamp.
Klift1.CEL;3;34;11;5;32;Klift1.CEL/003.png;136x44;Monster;Klift i kamp.
Klift1.CEL;4;34;12;5;32;Klift1.CEL/004.png;136x48;Monster;Klift i kamp.
Klift1.CEL;5;36;21;5;32;Klift1.CEL/005.png;144x84;Monster;Klift i kamp.
Klift1.CEL;6;28;26;5;32;Klift1.CEL/006.png;112x104;Monster;Klift i kamp.
Klift1.CEL;7;5;18;4;16;Klift1.CEL/007.png;20x72;Monster;Klift i kamp.
Klift1.CEL;8;8;19;4;16;Klift1.CEL/008.png;32x76;Monster;Klift i kamp.
Klift1.CEL;9;4;22;4;16;Klift1.CEL/009.png;16x88;Monster;Klift i kamp.
Klift1.CEL;10;5;19;4;16;Klift1.CEL/010.png;20x76;Monster;Klift i kamp.
Klift1.CEL;11;4;23;4;16;Klift1.CEL/011.png;16x92;Monster;Klift i kamp.
Klift1.CEL;12;5;16;4;16;Klift1.CEL/012.png;20x64;Monster;Klift i kamp.
Klift1.CEL;13;3;14;4;16;Klift1.CEL/013.png;12x56;Monster;Klift i kamp.
Klift1.CEL;14;6;15;4;16;Klift1.CEL/014.png;24x60;Monster;Klift i kamp.
Klift1.CEL;15;3;16;4;16;Klift1.CEL/015.png;12x64;Monster;Klift i kamp.
Klift1.CEL;16;3;11;4;16;Klift1.CEL/016.png;12x44;Monster;Klift i kamp.
Klift1.CEL;17;5;12;4;16;Klift1.CEL/017.png;20x48;Monster;Klift i kamp.
Klift1.CEL;18;2;14;4;16;Klift1.CEL/018.png;8x56;Monster;Klift i kamp.
Klift1.CEL;19;9;22;5;32;Klift1.CEL/019.png;36x88;Monster;Klift i kamp.
Klift1.CEL;20;9;22;5;32;Klift1.CEL/020.png;36x88;Monster;Klift i kamp.
Klift1.CEL;21;9;21;5;32;Klift1.CEL/021.png;36x84;Monster;Klift i kamp.
Klift1.CEL;22;6;16;5;32;Klift1.CEL/022.png;24x64;Monster;Klift i kamp.
Klift1.CEL;23;6;17;5;32;Klift1.CEL/023.png;24x68;Monster;Klift i kamp.
Klift1.CEL;24;6;14;5;32;Klift1.CEL/024.png;24x56;Monster;Klift i kamp.
Klift1.CEL;25;23;64;5;32;Klift1.CEL/025.png;92x256;Monster;Klift i kamp.
Klift1.CEL;26;25;63;5;32;Klift1.CEL/026.png;100x252;Monster;Klift i kamp.
Klift1.CEL;27;22;63;5;32;Klift1.CEL/027.png;88x252;Monster;Klift i kamp.
Klift1.CEL;28;19;12;4;16;Klift1.CEL/028.png;76x48;Monster;Klift i kamp.
Klift1.CEL;29;25;13;4;16;Klift1.CEL/029.png;100x52;Monster;Klift i kamp.
Klift1.CEL;30;40;48;5;32;Klift1.CEL/030.png;160x192;Monster;Klift i kamp.
Klift1.CEL;31;25;55;4;16;Klift1.CEL/031.png;100x220;Monster;Klift i kamp.
Klift1.CEL;32;33;18;5;32;Klift1.CEL/032.png;132x72;Monster;Klift i kamp.
Klift1.CEL;33;18;24;4;16;Klift1.CEL/033.png;72x96;Monster;Klift i kamp.
Klift1.CEL;34;29;21;4;16;Klift1.CEL/034.png;116x84;Monster;Klift i kamp.
Klift1.CEL;35;38;28;5;32;Klift1.CEL/035.png;152x112;Monster;Klift i kamp.
Klift1.CEL;36;29;34;5;32;Klift1.CEL/036.png;116x136;Monster;Klift i kamp.
Klift1.CEL;37;35;12;4;16;Klift1.CEL/037.png;140x48;Monster;Klift i kamp.
Klift1.CEL;38;34;16;4;16;Klift1.CEL/038.png;136x64;Monster;Klift i kamp.
Klift1.CEL;39;32;16;5;32;Klift1.CEL/039.png;128x64;Monster;Klift i kamp.
Klift1.CEL;40;12;21;4;16;Klift1.CEL/040.png;48x84;Monster;Klift i kamp.
Klift1.CEL;41;33;44;4;16;Klift1.CEL/041.png;132x176;Monster;Klift i kamp.
Klift1.CEL;42;41;40;4;16;Klift1.CEL/042.png;164x160;Monster;Klift i kamp.
Klift1.CEL;43;38;35;4;16;Klift1.CEL/043.png;152x140;Monster;Klift i kamp.
Klift1.CEL;44;34;32;4;16;Klift1.CEL/044.png;136x128;Monster;Klift i kamp.
Klift1.CEL;45;30;29;4;16;Klift1.CEL/045.png;120x116;Monster;Klift i kamp.
Klift1.CEL;46;28;27;4;16;Klift1.CEL/046.png;112x108;Monster;Klift i kamp.
Klift1.CEL;47;25;25;4;16;Klift1.CEL/047.png;100x100;Monster;Klift i kamp.
Klift1.CEL;48;24;23;4;16;Klift1.CEL/048.png;96x92;Monster;Klift i kamp.
Klift1.CEL;49;22;21;4;16;Klift1.CEL/049.png;88x84;Monster;Klift i kamp.
Klift1.CEL;50;21;20;4;16;Klift1.CEL/050.png;84x80;Monster;Klift i kamp.
Klift1.CEL;51;18;18;4;16;Klift1.CEL/051.png;72x72;Monster;Klift i kamp.
Klift1.CEL;52;18;16;4;16;Klift1.CEL/052.png;72x64;Monster;Klift i kamp.
Klift1.CEL;53;16;15;4;16;Klift1.CEL/053.png;64x60;Monster;Klift i kamp.
Klift1.CEL;54;11;11;4;16;Klift1.CEL/054.png;44x44;Monster;Klift i kamp.
KN1.ob;0;23;54;4;16;KN1.ob/000.png;92x216;Ridder;Ridderen i kamp, rød, del 1 (gå, stå, slag).
KN1.ob;1;33;7;4;16;KN1.ob/001.png;132x28;Ridder;Ridderen i kamp, rød, del 1 (gå, stå, slag).
KN1.ob;2;21;55;4;16;KN1.ob/002.png;84x220;Ridder;Ridderen i kamp, rød, del 1 (gå, stå, slag).
KN1.ob;3;31;7;4;16;KN1.ob/003.png;124x28;Ridder;Ridderen i kamp, rød, del 1 (gå, stå, slag).
KN1.ob;4;22;44;4;16;KN1.ob/004.png;88x176;Ridder;Ridderen i kamp, rød, del 1 (gå, stå, slag).
KN1.ob;5;36;19;4;16;KN1.ob/005.png;144x76;Ridder;Ridderen i kamp, rød, del 1 (gå, stå, slag).
KN1.ob;6;15;32;4;16;KN1.ob/006.png;60x128;Ridder;Ridderen i kamp, rød, del 1 (gå, stå, slag).
KN1.ob;7;27;27;4;16;KN1.ob/007.png;108x108;Ridder;Ridderen i kamp, rød, del 1 (gå, stå, slag).
KN1.ob;8;21;36;4;16;KN1.ob/008.png;84x144;Ridder;Ridderen i kamp, rød, del 1 (gå, stå, slag).
KN1.ob;9;36;24;4;16;KN1.ob/009.png;144x96;Ridder;Ridderen i kamp, rød, del 1 (gå, stå, slag).
KN1.ob;10;21;60;4;16;KN1.ob/010.png;84x240;Ridder;Ridderen i kamp, rød, del 1 (gå, stå, slag).
KN1.ob;11;24;60;4;16;KN1.ob/011.png;96x240;Ridder;Ridderen i kamp, rød, del 1 (gå, stå, slag).
KN1.ob;12;24;59;4;16;KN1.ob/012.png;96x236;Ridder;Ridderen i kamp, rød, del 1 (gå, stå, slag).
KN1.ob;13;21;58;4;16;KN1.ob/013.png;84x232;Ridder;Ridderen i kamp, rød, del 1 (gå, stå, slag).
KN1.ob;14;28;61;4;16;KN1.ob/014.png;112x244;Ridder;Ridderen i kamp, rød, del 1 (gå, stå, slag).
KN1.ob;15;28;62;4;16;KN1.ob/015.png;112x248;Ridder;Ridderen i kamp, rød, del 1 (gå, stå, slag).
KN1.ob;16;31;61;4;16;KN1.ob/016.png;124x244;Ridder;Ridderen i kamp, rød, del 1 (gå, stå, slag).
KN1.ob;17;26;60;4;16;KN1.ob/017.png;104x240;Ridder;Ridderen i kamp, rød, del 1 (gå, stå, slag).
KN1.ob;18;30;51;4;16;KN1.ob/018.png;120x204;Ridder;Ridderen i kamp, rød, del 1 (gå, stå, slag).
KN1.ob;19;45;8;4;16;KN1.ob/019.png;180x32;Ridder;Ridderen i kamp, rød, del 1 (gå, stå, slag).
KN1.ob;20;30;27;4;16;KN1.ob/020.png;120x108;Ridder;Ridderen i kamp, rød, del 1 (gå, stå, slag).
KN1.ob;21;30;26;4;16;KN1.ob/021.png;120x104;Ridder;Ridderen i kamp, rød, del 1 (gå, stå, slag).
KN1.ob;22;46;6;4;16;KN1.ob/022.png;184x24;Ridder;Ridderen i kamp, rød, del 1 (gå, stå, slag).
KN1.ob;23;36;53;4;16;KN1.ob/023.png;144x212;Ridder;Ridderen i kamp, rød, del 1 (gå, stå, slag).
KN1.ob;24;58;5;3;8;KN1.ob/024.png;232x20;Ridder;Ridderen i kamp, rød, del 1 (gå, stå, slag).
KN1.ob;25;20;30;4;16;KN1.ob/025.png;80x120;Ridder;Ridderen i kamp, rød, del 1 (gå, stå, slag).
KN1.ob;26;20;10;4;16;KN1.ob/026.png;80x40;Ridder;Ridderen i kamp, rød, del 1 (gå, stå, slag).
KN1.ob;27;34;35;4;16;KN1.ob/027.png;136x140;Ridder;Ridderen i kamp, rød, del 1 (gå, stå, slag).
KN1.ob;28;34;25;4;16;KN1.ob/028.png;136x100;Ridder;Ridderen i kamp, rød, del 1 (gå, stå, slag).
KN1.ob;29;59;25;4;16;KN1.ob/029.png;236x100;Ridder;Ridderen i kamp, rød, del 1 (gå, stå, slag).
KN1.ob;30;71;6;4;16;KN1.ob/030.png;284x24;Ridder;Ridderen i kamp, rød, del 1 (gå, stå, slag).
KN1.ob;31;29;48;4;16;KN1.ob/031.png;116x192;Ridder;Ridderen i kamp, rød, del 1 (gå, stå, slag).
KN1.ob;32;42;11;4;16;KN1.ob/032.png;168x44;Ridder;Ridderen i kamp, rød, del 1 (gå, stå, slag).
KN1.ob;33;18;28;4;16;KN1.ob/033.png;72x112;Ridder;Ridderen i kamp, rød, del 1 (gå, stå, slag).
KN1.ob;34;27;56;4;16;KN1.ob/034.png;108x224;Ridder;Ridderen i kamp, rød, del 1 (gå, stå, slag).
KN1.ob;35;31;24;4;16;KN1.ob/035.png;124x96;Ridder;Ridderen i kamp, rød, del 1 (gå, stå, slag).
KN1.ob;36;19;44;4;16;KN1.ob/036.png;76x176;Ridder;Ridderen i kamp, rød, del 1 (gå, stå, slag).
KN1.ob;37;27;7;3;8;KN1.ob/037.png;108x28;Ridder;Ridderen i kamp, rød, del 1 (gå, stå, slag).
KN1.ob;38;57;5;2;4;KN1.ob/038.png;228x20;Ridder;Ridderen i kamp, rød, del 1 (gå, stå, slag).
KN1.ob;39;27;30;4;16;KN1.ob/039.png;108x120;Ridder;Ridderen i kamp, rød, del 1 (gå, stå, slag).
KN1.ob;40;22;48;4;16;KN1.ob/040.png;88x192;Ridder;Ridderen i kamp, rød, del 1 (gå, stå, slag).
KN1.ob;41;28;51;4;16;KN1.ob/041.png;112x204;Ridder;Ridderen i kamp, rød, del 1 (gå, stå, slag).
KN1.ob;42;14;29;4;16;KN1.ob/042.png;56x116;Ridder;Ridderen i kamp, rød, del 1 (gå, stå, slag).
KN1.ob;43;37;58;4;16;KN1.ob/043.png;148x232;Ridder;Ridderen i kamp, rød, del 1 (gå, stå, slag).
KN1.ob;44;22;42;4;16;KN1.ob/044.png;88x168;Ridder;Ridderen i kamp, rød, del 1 (gå, stå, slag).
KN1.ob;45;40;26;4;16;KN1.ob/045.png;160x104;Ridder;Ridderen i kamp, rød, del 1 (gå, stå, slag).
KN1.ob;46;24;30;4;16;KN1.ob/046.png;96x120;Ridder;Ridderen i kamp, rød, del 1 (gå, stå, slag).
KN1.ob;47;17;55;4;16;KN1.ob/047.png;68x220;Ridder;Ridderen i kamp, rød, del 1 (gå, stå, slag).
KN1.ob;48;27;26;4;16;KN1.ob/048.png;108x104;Ridder;Ridderen i kamp, rød, del 1 (gå, stå, slag).
KN1.ob;49;36;38;4;16;KN1.ob/049.png;144x152;Ridder;Ridderen i kamp, rød, del 1 (gå, stå, slag).
KN1.ob;50;16;18;4;16;KN1.ob/050.png;64x72;Ridder;Ridderen i kamp, rød, del 1 (gå, stå, slag).
KN1.ob;51;18;17;4;16;KN1.ob/051.png;72x68;Ridder;Ridderen i kamp, rød, del 1 (gå, stå, slag).
KN1.ob;52;15;14;4;16;KN1.ob/052.png;60x56;Ridder;Ridderen i kamp, rød, del 1 (gå, stå, slag).
KN1.ob;53;39;58;4;16;KN1.ob/053.png;156x232;Ridder;Ridderen i kamp, rød, del 1 (gå, stå, slag).
KN1.ob;54;52;26;4;16;KN1.ob/054.png;208x104;Ridder;Ridderen i kamp, rød, del 1 (gå, stå, slag).
KN1.ob;55;24;26;4;16;KN1.ob/055.png;96x104;Ridder;Ridderen i kamp, rød, del 1 (gå, stå, slag).
KN1.ob;56;20;6;3;8;KN1.ob/056.png;80x24;Ridder;Ridderen i kamp, rød, del 1 (gå, stå, slag).
KN1.ob;57;32;25;4;16;KN1.ob/057.png;128x100;Ridder;Ridderen i kamp, rød, del 1 (gå, stå, slag).
KN1.ob;58;12;8;3;8;KN1.ob/058.png;48x32;Ridder;Ridderen i kamp, rød, del 1 (gå, stå, slag).
KN1.ob;59;25;17;4;16;KN1.ob/059.png;100x68;Ridder;Ridderen i kamp, rød, del 1 (gå, stå, slag).
KN2.ob;0;25;51;4;16;KN2.ob/000.png;100x204;Ridder;Ridderen i kamp, rød, del 2.
KN2.ob;1;35;13;4;16;KN2.ob/001.png;140x52;Ridder;Ridderen i kamp, rød, del 2.
KN2.ob;2;47;36;4;16;KN2.ob/002.png;188x144;Ridder;Ridderen i kamp, rød, del 2.
KN2.ob;3;20;30;4;16;KN2.ob/003.png;80x120;Ridder;Ridderen i kamp, rød, del 2.
KN2.ob;4;16;54;4;16;KN2.ob/004.png;64x216;Ridder;Ridderen i kamp, rød, del 2.
KN2.ob;5;13;20;4;16;KN2.ob/005.png;52x80;Ridder;Ridderen i kamp, rød, del 2.
KN2.ob;6;55;25;4;16;KN2.ob/006.png;220x100;Ridder;Ridderen i kamp, rød, del 2.
KN2.ob;7;29;25;4;16;KN2.ob/007.png;116x100;Ridder;Ridderen i kamp, rød, del 2.
KN2.ob;8;44;7;4;16;KN2.ob/008.png;176x28;Ridder;Ridderen i kamp, rød, del 2.
KN2.ob;9;24;27;4;16;KN2.ob/009.png;96x108;Ridder;Ridderen i kamp, rød, del 2.
KN2.ob;10;15;41;4;16;KN2.ob/010.png;60x164;Ridder;Ridderen i kamp, rød, del 2.
KN2.ob;11;10;23;3;8;KN2.ob/011.png;40x92;Ridder;Ridderen i kamp, rød, del 2.
KN2.ob;12;26;16;4;16;KN2.ob/012.png;104x64;Ridder;Ridderen i kamp, rød, del 2.
KN2.ob;13;36;61;4;16;KN2.ob/013.png;144x244;Ridder;Ridderen i kamp, rød, del 2.
KN2.ob;14;43;64;4;16;KN2.ob/014.png;172x256;Ridder;Ridderen i kamp, rød, del 2.
KN2.ob;15;15;22;4;16;KN2.ob/015.png;60x88;Ridder;Ridderen i kamp, rød, del 2.
KN2.ob;16;36;20;4;16;KN2.ob/016.png;144x80;Ridder;Ridderen i kamp, rød, del 2.
KN2.ob;17;57;57;4;16;KN2.ob/017.png;228x228;Ridder;Ridderen i kamp, rød, del 2.
KN2.ob;18;50;7;2;4;KN2.ob/018.png;200x28;Ridder;Ridderen i kamp, rød, del 2.
KN2.ob;19;35;48;4;16;KN2.ob/019.png;140x192;Ridder;Ridderen i kamp, rød, del 2.
KN2.ob;20;30;37;4;16;KN2.ob/020.png;120x148;Ridder;Ridderen i kamp, rød, del 2.
KN2.ob;21;59;5;2;4;KN2.ob/021.png;236x20;Ridder;Ridderen i kamp, rød, del 2.
KN2.ob;22;38;13;4;16;KN2.ob/022.png;152x52;Ridder;Ridderen i kamp, rød, del 2.
KN2.ob;23;58;25;4;16;KN2.ob/023.png;232x100;Ridder;Ridderen i kamp, rød, del 2.
KN3.ob;0;40;60;4;16;KN3.ob/000.png;160x240;Ridder;Ridderen i kamp, rød, del 3.
KN3.ob;1;23;23;4;16;KN3.ob/001.png;92x92;Ridder;Ridderen i kamp, rød, del 3.
KN3.ob;2;35;41;4;16;KN3.ob/002.png;140x164;Ridder;Ridderen i kamp, rød, del 3.
KN3.ob;3;56;8;4;16;KN3.ob/003.png;224x32;Ridder;Ridderen i kamp, rød, del 3.
KN3.ob;4;28;34;4;16;KN3.ob/004.png;112x136;Ridder;Ridderen i kamp, rød, del 3.
KN3.ob;5;19;20;4;16;KN3.ob/005.png;76x80;Ridder;Ridderen i kamp, rød, del 3.
KN3.ob;6;11;25;4;16;KN3.ob/006.png;44x100;Ridder;Ridderen i kamp, rød, del 3.
KN3.ob;7;4;5;4;16;KN3.ob/007.png;16x20;Ridder;Ridderen i kamp, rød, del 3.
KN3.ob;8;8;30;4;16;KN3.ob/008.png;32x120;Ridder;Ridderen i kamp, rød, del 3.
KN3.ob;9;9;10;4;16;KN3.ob/009.png;36x40;Ridder;Ridderen i kamp, rød, del 3.
KN3.ob;10;41;55;4;16;KN3.ob/010.png;164x220;Ridder;Ridderen i kamp, rød, del 3.
KN3.ob;11;40;12;4;16;KN3.ob/011.png;160x48;Ridder;Ridderen i kamp, rød, del 3.
KN3.ob;12;48;53;4;16;KN3.ob/012.png;192x212;Ridder;Ridderen i kamp, rød, del 3.
KN3.ob;13;17;8;4;16;KN3.ob/013.png;68x32;Ridder;Ridderen i kamp, rød, del 3.
KN3.ob;14;26;12;4;16;KN3.ob/014.png;104x48;Ridder;Ridderen i kamp, rød, del 3.
KN3.ob;15;31;13;4;16;KN3.ob/015.png;124x52;Ridder;Ridderen i kamp, rød, del 3.
KN3.ob;16;12;9;4;16;KN3.ob/016.png;48x36;Ridder;Ridderen i kamp, rød, del 3.
KN3.ob;17;23;2;4;16;KN3.ob/017.png;92x8;Ridder;Ridderen i kamp, rød, del 3.
KN3.ob;18;48;45;4;16;KN3.ob/018.png;192x180;Ridder;Ridderen i kamp, rød, del 3.
KN3.ob;19;11;15;4;16;KN3.ob/019.png;44x60;Ridder;Ridderen i kamp, rød, del 3.
KN3.ob;20;55;29;4;16;KN3.ob/020.png;220x116;Ridder;Ridderen i kamp, rød, del 3.
KN3.ob;21;21;14;4;16;KN3.ob/021.png;84x56;Ridder;Ridderen i kamp, rød, del 3.
KN3.ob;22;21;19;4;16;KN3.ob/022.png;84x76;Ridder;Ridderen i kamp, rød, del 3.
KN3.ob;23;74;15;4;16;KN3.ob/023.png;296x60;Ridder;Ridderen i kamp, rød, del 3.
KN3.ob;24;28;10;4;16;KN3.ob/024.png;112x40;Ridder;Ridderen i kamp, rød, del 3.
KN3.ob;25;67;16;4;16;KN3.ob/025.png;268x64;Ridder;Ridderen i kamp, rød, del 3.
KN3.ob;26;10;10;3;8;KN3.ob/026.png;40x40;Ridder;Ridderen i kamp, rød, del 3.
KN3.ob;27;36;9;3;8;KN3.ob/027.png;144x36;Ridder;Ridderen i kamp, rød, del 3.
KN3.ob;28;20;40;4;16;KN3.ob/028.png;80x160;Ridder;Ridderen i kamp, rød, del 3.
KN3.ob;29;16;53;4;16;KN3.ob/029.png;64x212;Ridder;Ridderen i kamp, rød, del 3.
KN3.ob;30;9;13;4;16;KN3.ob/030.png;36x52;Ridder;Ridderen i kamp, rød, del 3.
KN3.ob;31;4;2;3;8;KN3.ob/031.png;16x8;Ridder;Ridderen i kamp, rød, del 3.
KN3.ob;32;22;60;4;16;KN3.ob/032.png;88x240;Ridder;Ridderen i kamp, rød, del 3.
KN3.ob;33;12;20;4;16;KN3.ob/033.png;48x80;Ridder;Ridderen i kamp, rød, del 3.
KN3.ob;34;16;11;4;16;KN3.ob/034.png;64x44;Ridder;Ridderen i kamp, rød, del 3.
KN3.ob;35;15;18;4;16;KN3.ob/035.png;60x72;Ridder;Ridderen i kamp, rød, del 3.
KN3.ob;36;7;3;2;4;KN3.ob/036.png;28x12;Ridder;Ridderen i kamp, rød, del 3.
KN3.ob;37;15;18;4;16;KN3.ob/037.png;60x72;Ridder;Ridderen i kamp, rød, del 3.
KN3.ob;38;11;26;4;16;KN3.ob/038.png;44x104;Ridder;Ridderen i kamp, rød, del 3.
KN3.ob;39;9;3;2;4;KN3.ob/039.png;36x12;Ridder;Ridderen i kamp, rød, del 3.
KN3.ob;40;26;28;4;16;KN3.ob/040.png;104x112;Ridder;Ridderen i kamp, rød, del 3.
KN3.ob;41;13;3;2;4;KN3.ob/041.png;52x12;Ridder;Ridderen i kamp, rød, del 3.
KN3.ob;42;17;9;4;16;KN3.ob/042.png;68x36;Ridder;Ridderen i kamp, rød, del 3.
KN3.ob;43;11;24;4;16;KN3.ob/043.png;44x96;Ridder;Ridderen i kamp, rød, del 3.
KN3.ob;44;14;3;2;4;KN3.ob/044.png;56x12;Ridder;Ridderen i kamp, rød, del 3.
KN3.ob;45;16;16;4;16;KN3.ob/045.png;64x64;Ridder;Ridderen i kamp, rød, del 3.
KN3.ob;46;17;9;4;16;KN3.ob/046.png;68x36;Ridder;Ridderen i kamp, rød, del 3.
KN3.ob;47;23;16;4;16;KN3.ob/047.png;92x64;Ridder;Ridderen i kamp, rød, del 3.
KN3.ob;48;16;16;4;16;KN3.ob/048.png;64x64;Ridder;Ridderen i kamp, rød, del 3.
KN3.ob;49;31;17;4;16;KN3.ob/049.png;124x68;Ridder;Ridderen i kamp, rød, del 3.
KN3.ob;50;16;7;4;16;KN3.ob/050.png;64x28;Ridder;Ridderen i kamp, rød, del 3.
KN3.ob;51;18;16;4;16;KN3.ob/051.png;72x64;Ridder;Ridderen i kamp, rød, del 3.
KN3.ob;52;28;12;4;16;KN3.ob/052.png;112x48;Ridder;Ridderen i kamp, rød, del 3.
KN3.ob;53;17;2;4;16;KN3.ob/053.png;68x8;Ridder;Ridderen i kamp, rød, del 3.
KN3.ob;54;13;5;4;16;KN3.ob/054.png;52x20;Ridder;Ridderen i kamp, rød, del 3.
KN3.ob;55;18;13;4;16;KN3.ob/055.png;72x52;Ridder;Ridderen i kamp, rød, del 3.
KN3.ob;56;35;9;4;16;KN3.ob/056.png;140x36;Ridder;Ridderen i kamp, rød, del 3.
KN3.ob;57;40;8;4;16;KN3.ob/057.png;160x32;Ridder;Ridderen i kamp, rød, del 3.
KN3.ob;58;27;25;4;16;KN3.ob/058.png;108x100;Ridder;Ridderen i kamp, rød, del 3.
KN3.ob;59;20;9;4;16;KN3.ob/059.png;80x36;Ridder;Ridderen i kamp, rød, del 3.
KN3.ob;60;23;10;4;16;KN3.ob/060.png;92x40;Ridder;Ridderen i kamp, rød, del 3.
KN3.ob;61;20;6;4;16;KN3.ob/061.png;80x24;Ridder;Ridderen i kamp, rød, del 3.
KN3.ob;62;28;10;4;16;KN3.ob/062.png;112x40;Ridder;Ridderen i kamp, rød, del 3.
KN3.ob;63;25;7;4;16;KN3.ob/063.png;100x28;Ridder;Ridderen i kamp, rød, del 3.
KN4.ob;0;7;33;2;4;KN4.ob/000.png;28x132;Ridder;Våpnene til ridderen (sverd, lanse) i kamp.
KN4.ob;1;19;30;2;4;KN4.ob/001.png;76x120;Ridder;Våpnene til ridderen (sverd, lanse) i kamp.
KN4.ob;2;15;30;2;4;KN4.ob/002.png;60x120;Ridder;Våpnene til ridderen (sverd, lanse) i kamp.
KN4.ob;3;16;15;2;4;KN4.ob/003.png;64x60;Ridder;Våpnene til ridderen (sverd, lanse) i kamp.
KN4.ob;4;17;16;2;4;KN4.ob/004.png;68x64;Ridder;Våpnene til ridderen (sverd, lanse) i kamp.
KN4.ob;5;37;5;3;8;KN4.ob/005.png;148x20;Ridder;Våpnene til ridderen (sverd, lanse) i kamp.
KN4.ob;6;20;29;2;4;KN4.ob/006.png;80x116;Ridder;Våpnene til ridderen (sverd, lanse) i kamp.
KN4.ob;7;32;15;3;8;KN4.ob/007.png;128x60;Ridder;Våpnene til ridderen (sverd, lanse) i kamp.
KN4.ob;8;26;13;3;8;KN4.ob/008.png;104x52;Ridder;Våpnene til ridderen (sverd, lanse) i kamp.
KN4.ob;9;12;11;3;8;KN4.ob/009.png;48x44;Ridder;Våpnene til ridderen (sverd, lanse) i kamp.
KN4.ob;10;18;4;3;8;KN4.ob/010.png;72x16;Ridder;Våpnene til ridderen (sverd, lanse) i kamp.
KN4.ob;11;16;44;2;4;KN4.ob/011.png;64x176;Ridder;Våpnene til ridderen (sverd, lanse) i kamp.
KN4.ob;12;29;20;2;4;KN4.ob/012.png;116x80;Ridder;Våpnene til ridderen (sverd, lanse) i kamp.
KN4.ob;13;54;4;3;8;KN4.ob/013.png;216x16;Ridder;Våpnene til ridderen (sverd, lanse) i kamp.
KN4.ob;14;21;3;2;4;KN4.ob/014.png;84x12;Ridder;Våpnene til ridderen (sverd, lanse) i kamp.
KN4.ob;15;54;14;2;4;KN4.ob/015.png;216x56;Ridder;Våpnene til ridderen (sverd, lanse) i kamp.
KN4.ob;16;28;11;2;4;KN4.ob/016.png;112x44;Ridder;Våpnene til ridderen (sverd, lanse) i kamp.
KN4.ob;17;31;16;2;4;KN4.ob/017.png;124x64;Ridder;Våpnene til ridderen (sverd, lanse) i kamp.
KN4.ob;18;50;13;2;4;KN4.ob/018.png;200x52;Ridder;Våpnene til ridderen (sverd, lanse) i kamp.
KN4.ob;19;26;18;2;4;KN4.ob/019.png;104x72;Ridder;Våpnene til ridderen (sverd, lanse) i kamp.
KN4.ob;20;14;13;2;4;KN4.ob/020.png;56x52;Ridder;Våpnene til ridderen (sverd, lanse) i kamp.
KN4.ob;21;26;18;2;4;KN4.ob/021.png;104x72;Ridder;Våpnene til ridderen (sverd, lanse) i kamp.
KN4.ob;22;15;35;2;4;KN4.ob/022.png;60x140;Ridder;Våpnene til ridderen (sverd, lanse) i kamp.
KN4.ob;23;10;29;2;4;KN4.ob/023.png;40x116;Ridder;Våpnene til ridderen (sverd, lanse) i kamp.
KN4.ob;24;37;5;3;8;KN4.ob/024.png;148x20;Ridder;Våpnene til ridderen (sverd, lanse) i kamp.
KN4.ob;25;15;20;3;8;KN4.ob/025.png;60x80;Ridder;Våpnene til ridderen (sverd, lanse) i kamp.
KN5.ob;0;38;40;4;16;KN5.ob/000.png;152x160;Ridder;Blod og sår på ridderen.
KN5.ob;1;66;41;4;16;KN5.ob/001.png;264x164;Ridder;Blod og sår på ridderen.
KN5.ob;2;32;14;4;16;KN5.ob/002.png;128x56;Ridder;Blod og sår på ridderen.
KN5.ob;3;44;17;4;16;KN5.ob/003.png;176x68;Ridder;Blod og sår på ridderen.
KN5.ob;4;28;30;4;16;KN5.ob/004.png;112x120;Ridder;Blod og sår på ridderen.
KN5.ob;5;6;16;4;16;KN5.ob/005.png;24x64;Ridder;Blod og sår på ridderen.
KN5.ob;6;18;40;4;16;KN5.ob/006.png;72x160;Ridder;Blod og sår på ridderen.
KN5.ob;7;20;18;4;16;KN5.ob/007.png;80x72;Ridder;Blod og sår på ridderen.
KN5.ob;8;36;10;4;16;KN5.ob/008.png;144x40;Ridder;Blod og sår på ridderen.
KN5.ob;9;15;4;4;16;KN5.ob/009.png;60x16;Ridder;Blod og sår på ridderen.
KN5.ob;10;15;16;4;16;KN5.ob/010.png;60x64;Ridder;Blod og sår på ridderen.
KN5.ob;11;17;17;4;16;KN5.ob/011.png;68x68;Ridder;Blod og sår på ridderen.
KN5.ob;12;15;36;4;16;KN5.ob/012.png;60x144;Ridder;Blod og sår på ridderen.
KN5.ob;13;11;23;4;16;KN5.ob/013.png;44x92;Ridder;Blod og sår på ridderen.
KN5.ob;14;20;39;4;16;KN5.ob/014.png;80x156;Ridder;Blod og sår på ridderen.
KN5.ob;15;43;12;4;16;KN5.ob/015.png;172x48;Ridder;Blod og sår på ridderen.
KN5.ob;16;33;13;4;16;KN5.ob/016.png;132x52;Ridder;Blod og sår på ridderen.
KN5.ob;17;38;7;4;16;KN5.ob/017.png;152x28;Ridder;Blod og sår på ridderen.
KN5.ob;18;54;15;4;16;KN5.ob/018.png;216x60;Ridder;Blod og sår på ridderen.
KN5.ob;19;44;6;4;16;KN5.ob/019.png;176x24;Ridder;Blod og sår på ridderen.
KN5.ob;20;39;16;4;16;KN5.ob/020.png;156x64;Ridder;Blod og sår på ridderen.
KN5.ob;21;58;9;4;16;KN5.ob/021.png;232x36;Ridder;Blod og sår på ridderen.
KN5.ob;22;50;4;4;16;KN5.ob/022.png;200x16;Ridder;Blod og sår på ridderen.
KN5.ob;23;26;7;4;16;KN5.ob/023.png;104x28;Ridder;Blod og sår på ridderen.
KN5.ob;24;75;15;4;16;KN5.ob/024.png;300x60;Ridder;Blod og sår på ridderen.
KN5.ob;25;40;13;4;16;KN5.ob/025.png;160x52;Ridder;Blod og sår på ridderen.
KN5.ob;26;44;9;4;16;KN5.ob/026.png;176x36;Ridder;Blod og sår på ridderen.
KN5.ob;27;14;10;4;16;KN5.ob/027.png;56x40;Ridder;Blod og sår på ridderen.
KN5.ob;28;16;17;4;16;KN5.ob/028.png;64x68;Ridder;Blod og sår på ridderen.
KN5.ob;29;15;21;4;16;KN5.ob/029.png;60x84;Ridder;Blod og sår på ridderen.
KN5.ob;30;22;29;4;16;KN5.ob/030.png;88x116;Ridder;Blod og sår på ridderen.
KN5.ob;31;11;30;4;16;KN5.ob/031.png;44x120;Ridder;Blod og sår på ridderen.
KN5.ob;32;13;20;4;16;KN5.ob/032.png;52x80;Ridder;Blod og sår på ridderen.
KN5.ob;33;20;42;4;16;KN5.ob/033.png;80x168;Ridder;Blod og sår på ridderen.
KN5.ob;34;52;30;4;16;KN5.ob/034.png;208x120;Ridder;Blod og sår på ridderen.
KN5.ob;35;38;13;4;16;KN5.ob/035.png;152x52;Ridder;Blod og sår på ridderen.
KN5.ob;36;32;13;4;16;KN5.ob/036.png;128x52;Ridder;Blod og sår på ridderen.
KN5.ob;37;13;7;4;16;KN5.ob/037.png;52x28;Ridder;Blod og sår på ridderen.
KN5.ob;38;14;11;4;16;KN5.ob/038.png;56x44;Ridder;Blod og sår på ridderen.
KN5.ob;39;102;10;4;16;KN5.ob/039.png;408x40;Ridder;Blod og sår på ridderen.
KN5.ob;40;126;9;4;16;KN5.ob/040.png;504x36;Ridder;Blod og sår på ridderen.
KN5.ob;41;30;8;4;16;KN5.ob/041.png;120x32;Ridder;Blod og sår på ridderen.
KN5.ob;42;30;18;4;16;KN5.ob/042.png;120x72;Ridder;Blod og sår på ridderen.
KN5.ob;43;29;20;4;16;KN5.ob/043.png;116x80;Ridder;Blod og sår på ridderen.
KN5.ob;44;27;32;4;16;KN5.ob/044.png;108x128;Ridder;Blod og sår på ridderen.
KN5.ob;45;24;28;4;16;KN5.ob/045.png;96x112;Ridder;Blod og sår på ridderen.
KN5.ob;46;18;15;4;16;KN5.ob/046.png;72x60;Ridder;Blod og sår på ridderen.
KN5.ob;47;29;40;4;16;KN5.ob/047.png;116x160;Ridder;Blod og sår på ridderen.
KN5.ob;48;14;16;4;16;KN5.ob/048.png;56x64;Ridder;Blod og sår på ridderen.
KN5.ob;49;20;22;4;16;KN5.ob/049.png;80x88;Ridder;Blod og sår på ridderen.
KN5.ob;50;12;8;4;16;KN5.ob/050.png;48x32;Ridder;Blod og sår på ridderen.
KN5.ob;51;15;5;4;16;KN5.ob/051.png;60x20;Ridder;Blod og sår på ridderen.
KN5.ob;52;14;10;4;16;KN5.ob/052.png;56x40;Ridder;Blod og sår på ridderen.
KN5.ob;53;30;5;4;16;KN5.ob/053.png;120x20;Ridder;Blod og sår på ridderen.
KN5.ob;54;32;9;4;16;KN5.ob/054.png;128x36;Ridder;Blod og sår på ridderen.
KN5.ob;55;35;10;4;16;KN5.ob/055.png;140x40;Ridder;Blod og sår på ridderen.
KN5.ob;56;35;11;4;16;KN5.ob/056.png;140x44;Ridder;Blod og sår på ridderen.
KN5.ob;57;35;11;4;16;KN5.ob/057.png;140x44;Ridder;Blod og sår på ridderen.
KN5.ob;58;39;74;5;32;KN5.ob/058.png;156x296;Ridder;Blod og sår på ridderen.
KN5.ob;59;38;68;5;32;KN5.ob/059.png;152x272;Ridder;Blod og sår på ridderen.
KN5.ob;60;55;46;5;32;KN5.ob/060.png;220x184;Ridder;Blod og sår på ridderen.
KN5.ob;61;55;45;5;32;KN5.ob/061.png;220x180;Ridder;Blod og sår på ridderen.
KN5.ob;62;52;44;5;32;KN5.ob/062.png;208x176;Ridder;Blod og sår på ridderen.
KN5.ob;63;61;30;5;32;KN5.ob/063.png;244x120;Ridder;Blod og sår på ridderen.
KN5.ob;64;61;31;5;32;KN5.ob/064.png;244x124;Ridder;Blod og sår på ridderen.
li1.cel;0;33;23;4;16;li1.cel/000.png;132x92;Magi;Lyn og magi (og en hånd med stav).
li1.cel;1;37;38;4;16;li1.cel/001.png;148x152;Magi;Lyn og magi (og en hånd med stav).
li1.cel;2;18;11;4;16;li1.cel/002.png;72x44;Magi;Lyn og magi (og en hånd med stav).
li1.cel;3;30;27;5;32;li1.cel/003.png;120x108;Magi;Lyn og magi (og en hånd med stav).
li1.cel;4;27;25;4;16;li1.cel/004.png;108x100;Magi;Lyn og magi (og en hånd med stav).
li1.cel;5;23;32;4;16;li1.cel/005.png;92x128;Magi;Lyn og magi (og en hånd med stav).
li1.cel;6;14;54;4;16;li1.cel/006.png;56x216;Magi;Lyn og magi (og en hånd med stav).
li1.cel;7;17;45;4;16;li1.cel/007.png;68x180;Magi;Lyn og magi (og en hånd med stav).
li1.cel;8;31;63;4;16;li1.cel/008.png;124x252;Magi;Lyn og magi (og en hånd med stav).
li1.cel;9;23;44;4;16;li1.cel/009.png;92x176;Magi;Lyn og magi (og en hånd med stav).
li1.cel;10;15;15;4;16;li1.cel/010.png;60x60;Magi;Lyn og magi (og en hånd med stav).
li1.cel;11;18;28;5;32;li1.cel/011.png;72x112;Magi;Lyn og magi (og en hånd med stav).
li1.cel;12;25;64;5;32;li1.cel/012.png;100x256;Magi;Lyn og magi (og en hånd med stav).
li1.cel;13;17;17;4;16;li1.cel/013.png;68x68;Magi;Lyn og magi (og en hånd med stav).
li1.cel;14;28;28;4;16;li1.cel/014.png;112x112;Magi;Lyn og magi (og en hånd med stav).
li1.cel;15;52;47;5;32;li1.cel/015.png;208x188;Magi;Lyn og magi (og en hånd med stav).
li1.cel;16;18;12;5;32;li1.cel/016.png;72x48;Magi;Lyn og magi (og en hånd med stav).
li1.cel;17;14;11;5;32;li1.cel/017.png;56x44;Magi;Lyn og magi (og en hånd med stav).
li1.cel;18;17;34;5;32;li1.cel/018.png;68x136;Magi;Lyn og magi (og en hånd med stav).
li1.cel;19;21;16;5;32;li1.cel/019.png;84x64;Magi;Lyn og magi (og en hånd med stav).
li1.cel;20;38;32;5;32;li1.cel/020.png;152x128;Magi;Lyn og magi (og en hånd med stav).
li1.cel;21;94;23;4;16;li1.cel/021.png;376x92;Magi;Lyn og magi (og en hånd med stav).
li1.cel;22;120;13;4;16;li1.cel/022.png;480x52;Magi;Lyn og magi (og en hånd med stav).
li1.cel;23;16;7;4;16;li1.cel/023.png;64x28;Magi;Lyn og magi (og en hånd med stav).
li1.cel;24;17;21;4;16;li1.cel/024.png;68x84;Magi;Lyn og magi (og en hånd med stav).
li1.cel;25;17;20;4;16;li1.cel/025.png;68x80;Magi;Lyn og magi (og en hånd med stav).
li1.cel;26;15;6;4;16;li1.cel/026.png;60x24;Magi;Lyn og magi (og en hånd med stav).
li1.cel;27;128;48;5;32;li1.cel/027.png;512x192;Magi;Lyn og magi (og en hånd med stav).
li1.cel;28;96;38;5;32;li1.cel/028.png;384x152;Magi;Lyn og magi (og en hånd med stav).
li1.cel;29;21;17;3;8;li1.cel/029.png;84x68;Magi;Lyn og magi (og en hånd med stav).
message.piv;0;320;200;4;16;bg/HASH.png (Lagre bakgrunnen);1280x800;Melding;Meldingsskjermen: banneret øverst («Prepare yourself ...», «... may use their Scroll of protection»).
mi.c;0;8;10;5;32;mi.c/000.png;32x40;Inventar;Små flasker og dråper.
mi.c;1;8;10;5;32;mi.c/001.png;32x40;Inventar;Små flasker og dråper.
mi.c;2;8;10;4;16;mi.c/002.png;32x40;Inventar;Små flasker og dråper.
mi.c;3;8;10;5;32;mi.c/003.png;32x40;Inventar;Små flasker og dråper.
mi.c;4;8;10;4;16;mi.c/004.png;32x40;Inventar;Små flasker og dråper.
mi.c;5;8;10;5;32;mi.c/005.png;32x40;Inventar;Små flasker og dråper.
mi.c;6;8;10;5;32;mi.c/006.png;32x40;Inventar;Små flasker og dråper.
mi.c;7;8;10;5;32;mi.c/007.png;32x40;Inventar;Små flasker og dråper.
mi.c;8;8;10;5;32;mi.c/008.png;32x40;Inventar;Små flasker og dråper.
mi.c;9;8;10;5;32;mi.c/009.png;32x40;Inventar;Små flasker og dråper.
mi.c;10;8;10;5;32;mi.c/010.png;32x40;Inventar;Små flasker og dråper.
mi.c;11;8;10;5;32;mi.c/011.png;32x40;Inventar;Små flasker og dråper.
mi.c;12;8;10;5;32;mi.c/012.png;32x40;Inventar;Små flasker og dråper.
mi.c;13;8;10;5;32;mi.c/013.png;32x40;Inventar;Små flasker og dråper.
mi.c;14;8;10;5;32;mi.c/014.png;32x40;Inventar;Små flasker og dråper.
mi.c;15;8;10;5;32;mi.c/015.png;32x40;Inventar;Små flasker og dråper.
mi.c;16;8;10;5;32;mi.c/016.png;32x40;Inventar;Små flasker og dråper.
mi.c;17;8;10;5;32;mi.c/017.png;32x40;Inventar;Små flasker og dråper.
mi.c;18;8;10;5;32;mi.c/018.png;32x40;Inventar;Små flasker og dråper.
mi.c;19;3;3;0;0;mi.c/019.png;12x12;Inventar;Små flasker og dråper.
mi.c;20;9;5;5;32;mi.c/020.png;36x20;Inventar;Små flasker og dråper.
mi.c;21;24;19;5;32;mi.c/021.png;96x76;Inventar;Små flasker og dråper.
mi.c;22;24;14;5;32;mi.c/022.png;96x56;Inventar;Små flasker og dråper.
mi.c;23;23;11;5;32;mi.c/023.png;92x44;Inventar;Små flasker og dråper.
mi.c;24;15;8;5;32;mi.c/024.png;60x32;Inventar;Små flasker og dråper.
mi.c;25;25;32;5;32;mi.c/025.png;100x128;Inventar;Små flasker og dråper.
mi.c;26;32;28;5;32;mi.c/026.png;128x112;Inventar;Små flasker og dråper.
mi.c;27;18;12;5;32;mi.c/027.png;72x48;Inventar;Små flasker og dråper.
mi.c;28;13;10;5;32;mi.c/028.png;52x40;Inventar;Små flasker og dråper.
mi.c;29;2;3;0;0;mi.c/029.png;8x12;Inventar;Små flasker og dråper.
mi.c;30;7;20;5;32;mi.c/030.png;28x80;Inventar;Små flasker og dråper.
mi.c;31;9;5;5;32;mi.c/031.png;36x20;Inventar;Små flasker og dråper.
mi.c;32;174;51;4;16;mi.c/032.png;696x204;Inventar;Små flasker og dråper.
mi.c;33;8;10;3;8;mi.c/033.png;32x40;Inventar;Små flasker og dråper.
mi.c;34;35;14;5;32;mi.c/034.png;140x56;Inventar;Små flasker og dråper.
mi.c;35;35;16;5;32;mi.c/035.png;140x64;Inventar;Små flasker og dråper.
mi.c;36;34;18;5;32;mi.c/036.png;136x72;Inventar;Små flasker og dråper.
mi.c;37;35;23;5;32;mi.c/037.png;140x92;Inventar;Små flasker og dråper.
mi.c;38;36;21;5;32;mi.c/038.png;144x84;Inventar;Små flasker og dråper.
mi.c;39;36;20;5;32;mi.c/039.png;144x80;Inventar;Små flasker og dråper.
mi.c;40;35;18;5;32;mi.c/040.png;140x72;Inventar;Små flasker og dråper.
mi.c;41;35;15;5;32;mi.c/041.png;140x60;Inventar;Små flasker og dråper.
mi.c;42;8;10;5;32;mi.c/042.png;32x40;Inventar;Små flasker og dråper.
mi.c;43;10;12;5;32;mi.c/043.png;40x48;Inventar;Små flasker og dråper.
mi.c;44;10;12;5;32;mi.c/044.png;40x48;Inventar;Små flasker og dråper.
mi.c;45;10;12;5;32;mi.c/045.png;40x48;Inventar;Små flasker og dråper.
mi.c;46;10;12;5;32;mi.c/046.png;40x48;Inventar;Små flasker og dråper.
mindscape;0;320;200;5;32;bg/HASH.png (Lagre bakgrunnen);1280x800;Intro;Mindscape-logoen i introen.
Mudmen1.CEL;0;18;6;4;16;Mudmen1.CEL/000.png;72x24;Monster;Mudmen i kamp, del 1.
Mudmen1.CEL;1;82;14;5;32;Mudmen1.CEL/001.png;328x56;Monster;Mudmen i kamp, del 1.
Mudmen1.CEL;2;61;46;5;32;Mudmen1.CEL/002.png;244x184;Monster;Mudmen i kamp, del 1.
Mudmen1.CEL;3;45;17;4;16;Mudmen1.CEL/003.png;180x68;Monster;Mudmen i kamp, del 1.
Mudmen1.CEL;4;38;22;5;32;Mudmen1.CEL/004.png;152x88;Monster;Mudmen i kamp, del 1.
Mudmen1.CEL;5;16;18;4;16;Mudmen1.CEL/005.png;64x72;Monster;Mudmen i kamp, del 1.
Mudmen1.CEL;6;24;10;3;8;Mudmen1.CEL/006.png;96x40;Monster;Mudmen i kamp, del 1.
Mudmen1.CEL;7;17;5;3;8;Mudmen1.CEL/007.png;68x20;Monster;Mudmen i kamp, del 1.
Mudmen1.CEL;8;4;20;3;8;Mudmen1.CEL/008.png;16x80;Monster;Mudmen i kamp, del 1.
Mudmen1.CEL;9;4;6;4;16;Mudmen1.CEL/009.png;16x24;Monster;Mudmen i kamp, del 1.
Mudmen1.CEL;10;29;10;4;16;Mudmen1.CEL/010.png;116x40;Monster;Mudmen i kamp, del 1.
Mudmen1.CEL;11;58;39;5;32;Mudmen1.CEL/011.png;232x156;Monster;Mudmen i kamp, del 1.
Mudmen1.CEL;12;36;24;5;32;Mudmen1.CEL/012.png;144x96;Monster;Mudmen i kamp, del 1.
Mudmen1.CEL;13;53;36;5;32;Mudmen1.CEL/013.png;212x144;Monster;Mudmen i kamp, del 1.
Mudmen1.CEL;14;25;15;5;32;Mudmen1.CEL/014.png;100x60;Monster;Mudmen i kamp, del 1.
Mudmen1.CEL;15;43;14;5;32;Mudmen1.CEL/015.png;172x56;Monster;Mudmen i kamp, del 1.
Mudmen1.CEL;16;76;50;5;32;Mudmen1.CEL/016.png;304x200;Monster;Mudmen i kamp, del 1.
Mudmen1.CEL;17;5;10;2;4;Mudmen1.CEL/017.png;20x40;Monster;Mudmen i kamp, del 1.
Mudmen1.CEL;18;6;18;4;16;Mudmen1.CEL/018.png;24x72;Monster;Mudmen i kamp, del 1.
Mudmen1.CEL;19;9;10;2;4;Mudmen1.CEL/019.png;36x40;Monster;Mudmen i kamp, del 1.
Mudmen1.CEL;20;18;24;2;4;Mudmen1.CEL/020.png;72x96;Monster;Mudmen i kamp, del 1.
Mudmen1.CEL;21;62;8;4;16;Mudmen1.CEL/021.png;248x32;Monster;Mudmen i kamp, del 1.
Mudmen1.CEL;22;41;22;5;32;Mudmen1.CEL/022.png;164x88;Monster;Mudmen i kamp, del 1.
Mudmen1.CEL;23;56;38;5;32;Mudmen1.CEL/023.png;224x152;Monster;Mudmen i kamp, del 1.
Mudmen1.CEL;24;14;5;4;16;Mudmen1.CEL/024.png;56x20;Monster;Mudmen i kamp, del 1.
Mudmen1.CEL;25;15;8;4;16;Mudmen1.CEL/025.png;60x32;Monster;Mudmen i kamp, del 1.
Mudmen1.CEL;26;72;14;5;32;Mudmen1.CEL/026.png;288x56;Monster;Mudmen i kamp, del 1.
Mudmen1.CEL;27;99;7;4;16;Mudmen1.CEL/027.png;396x28;Monster;Mudmen i kamp, del 1.
Mudmen1.CEL;28;12;5;4;16;Mudmen1.CEL/028.png;48x20;Monster;Mudmen i kamp, del 1.
Mudmen1.CEL;29;13;3;2;4;Mudmen1.CEL/029.png;52x12;Monster;Mudmen i kamp, del 1.
Mudmen1.CEL;30;48;55;5;32;Mudmen1.CEL/030.png;192x220;Monster;Mudmen i kamp, del 1.
Mudmen1.CEL;31;51;55;5;32;Mudmen1.CEL/031.png;204x220;Monster;Mudmen i kamp, del 1.
Mudmen1.CEL;32;53;6;5;32;Mudmen1.CEL/032.png;212x24;Monster;Mudmen i kamp, del 1.
Mudmen1.CEL;33;67;10;5;32;Mudmen1.CEL/033.png;268x40;Monster;Mudmen i kamp, del 1.
Mudmen1.CEL;34;34;4;5;32;Mudmen1.CEL/034.png;136x16;Monster;Mudmen i kamp, del 1.
Mudmen1.CEL;35;99;12;5;32;Mudmen1.CEL/035.png;396x48;Monster;Mudmen i kamp, del 1.
Mudmen1.CEL;36;25;34;5;32;Mudmen1.CEL/036.png;100x136;Monster;Mudmen i kamp, del 1.
Mudmen1.CEL;37;28;53;5;32;Mudmen1.CEL/037.png;112x212;Monster;Mudmen i kamp, del 1.
Mudmen1.CEL;38;36;34;5;32;Mudmen1.CEL/038.png;144x136;Monster;Mudmen i kamp, del 1.
Mudmen1.CEL;39;39;5;5;32;Mudmen1.CEL/039.png;156x20;Monster;Mudmen i kamp, del 1.
Mudmen1.CEL;40;91;12;5;32;Mudmen1.CEL/040.png;364x48;Monster;Mudmen i kamp, del 1.
Mudmen1.CEL;41;49;54;5;32;Mudmen1.CEL/041.png;196x216;Monster;Mudmen i kamp, del 1.
Mudmen1.CEL;42;14;8;5;32;Mudmen1.CEL/042.png;56x32;Monster;Mudmen i kamp, del 1.
Mudmen1.CEL;43;32;22;5;32;Mudmen1.CEL/043.png;128x88;Monster;Mudmen i kamp, del 1.
Mudmen1.CEL;44;51;35;5;32;Mudmen1.CEL/044.png;204x140;Monster;Mudmen i kamp, del 1.
Mudmen1.CEL;45;19;30;2;4;Mudmen1.CEL/045.png;76x120;Monster;Mudmen i kamp, del 1.
Mudmen1.CEL;46;72;8;5;32;Mudmen1.CEL/046.png;288x32;Monster;Mudmen i kamp, del 1.
Mudmen1.CEL;47;39;56;5;32;Mudmen1.CEL/047.png;156x224;Monster;Mudmen i kamp, del 1.
Mudmen1.CEL;48;30;20;5;32;Mudmen1.CEL/048.png;120x80;Monster;Mudmen i kamp, del 1.
Mudmen1.CEL;49;28;20;5;32;Mudmen1.CEL/049.png;112x80;Monster;Mudmen i kamp, del 1.
Mudmen1.CEL;50;10;18;5;32;Mudmen1.CEL/050.png;40x72;Monster;Mudmen i kamp, del 1.
Mudmen1.CEL;51;65;29;5;32;Mudmen1.CEL/051.png;260x116;Monster;Mudmen i kamp, del 1.
Mudmen1.CEL;52;23;27;5;32;Mudmen1.CEL/052.png;92x108;Monster;Mudmen i kamp, del 1.
Mudmen1.CEL;53;49;60;5;32;Mudmen1.CEL/053.png;196x240;Monster;Mudmen i kamp, del 1.
Mudmen1.CEL;54;13;19;3;8;Mudmen1.CEL/054.png;52x76;Monster;Mudmen i kamp, del 1.
Mudmen1.CEL;55;14;25;5;32;Mudmen1.CEL/055.png;56x100;Monster;Mudmen i kamp, del 1.
Mudmen1.CEL;56;44;66;5;32;Mudmen1.CEL/056.png;176x264;Monster;Mudmen i kamp, del 1.
Mudmen1.CEL;57;20;42;3;8;Mudmen1.CEL/057.png;80x168;Monster;Mudmen i kamp, del 1.
Mudmen1.CEL;58;11;31;5;32;Mudmen1.CEL/058.png;44x124;Monster;Mudmen i kamp, del 1.
Mudmen1.CEL;59;14;38;5;32;Mudmen1.CEL/059.png;56x152;Monster;Mudmen i kamp, del 1.
Mudmen1.CEL;60;18;12;5;32;Mudmen1.CEL/060.png;72x48;Monster;Mudmen i kamp, del 1.
Mudmen1.CEL;61;64;62;5;32;Mudmen1.CEL/061.png;256x248;Monster;Mudmen i kamp, del 1.
Mudmen1.CEL;62;38;16;5;32;Mudmen1.CEL/062.png;152x64;Monster;Mudmen i kamp, del 1.
Mudmen2.CEL;0;32;54;5;32;Mudmen2.CEL/000.png;128x216;Monster;Mudmen i kamp, del 2.
Mudmen2.CEL;1;47;43;5;32;Mudmen2.CEL/001.png;188x172;Monster;Mudmen i kamp, del 2.
Mudmen2.CEL;2;15;20;5;32;Mudmen2.CEL/002.png;60x80;Monster;Mudmen i kamp, del 2.
Mudmen2.CEL;3;39;34;5;32;Mudmen2.CEL/003.png;156x136;Monster;Mudmen i kamp, del 2.
Mudmen2.CEL;4;24;17;4;16;Mudmen2.CEL/004.png;96x68;Monster;Mudmen i kamp, del 2.
Mudmen2.CEL;5;28;50;5;32;Mudmen2.CEL/005.png;112x200;Monster;Mudmen i kamp, del 2.
Mudmen2.CEL;6;26;31;5;32;Mudmen2.CEL/006.png;104x124;Monster;Mudmen i kamp, del 2.
Mudmen2.CEL;7;14;17;5;32;Mudmen2.CEL/007.png;56x68;Monster;Mudmen i kamp, del 2.
Mudmen2.CEL;8;42;58;5;32;Mudmen2.CEL/008.png;168x232;Monster;Mudmen i kamp, del 2.
Mudmen2.CEL;9;11;16;2;4;Mudmen2.CEL/009.png;44x64;Monster;Mudmen i kamp, del 2.
Mudmen2.CEL;10;13;27;5;32;Mudmen2.CEL/010.png;52x108;Monster;Mudmen i kamp, del 2.
Mudmen2.CEL;11;21;25;5;32;Mudmen2.CEL/011.png;84x100;Monster;Mudmen i kamp, del 2.
Mudmen2.CEL;12;54;37;5;32;Mudmen2.CEL/012.png;216x148;Monster;Mudmen i kamp, del 2.
Mudmen2.CEL;13;23;8;3;8;Mudmen2.CEL/013.png;92x32;Monster;Mudmen i kamp, del 2.
Mudmen2.CEL;14;19;6;3;8;Mudmen2.CEL/014.png;76x24;Monster;Mudmen i kamp, del 2.
Mudmen2.CEL;15;18;4;2;4;Mudmen2.CEL/015.png;72x16;Monster;Mudmen i kamp, del 2.
Mudmen2.CEL;16;49;15;5;32;Mudmen2.CEL/016.png;196x60;Monster;Mudmen i kamp, del 2.
Mudmen2.CEL;17;51;9;3;8;Mudmen2.CEL/017.png;204x36;Monster;Mudmen i kamp, del 2.
Mudmen2.CEL;18;1;1;0;0;Mudmen2.CEL/018.png;4x4;Monster;Mudmen i kamp, del 2.
Mudmen2.CEL;19;1;1;0;0;Mudmen2.CEL/019.png;4x4;Monster;Mudmen i kamp, del 2.
Mudmen2.CEL;20;1;1;0;0;Mudmen2.CEL/020.png;4x4;Monster;Mudmen i kamp, del 2.
Mudmen2.CEL;21;1;1;0;0;Mudmen2.CEL/021.png;4x4;Monster;Mudmen i kamp, del 2.
Mudmen2.CEL;22;1;1;0;0;Mudmen2.CEL/022.png;4x4;Monster;Mudmen i kamp, del 2.
Mudmen2.CEL;23;1;1;0;0;Mudmen2.CEL/023.png;4x4;Monster;Mudmen i kamp, del 2.
Mudmen2.CEL;24;1;1;0;0;Mudmen2.CEL/024.png;4x4;Monster;Mudmen i kamp, del 2.
Mudmen2.CEL;25;98;14;4;16;Mudmen2.CEL/025.png;392x56;Monster;Mudmen i kamp, del 2.
Mudmen2.CEL;26;61;22;5;32;Mudmen2.CEL/026.png;244x88;Monster;Mudmen i kamp, del 2.
Mudmen2.CEL;27;51;38;5;32;Mudmen2.CEL/027.png;204x152;Monster;Mudmen i kamp, del 2.
Mudmen2.CEL;28;32;14;5;32;Mudmen2.CEL/028.png;128x56;Monster;Mudmen i kamp, del 2.
Mudmen2.CEL;29;41;22;5;32;Mudmen2.CEL/029.png;164x88;Monster;Mudmen i kamp, del 2.
Mudmen2.CEL;30;13;14;4;16;Mudmen2.CEL/030.png;52x56;Monster;Mudmen i kamp, del 2.
Mudmen2.CEL;31;12;36;5;32;Mudmen2.CEL/031.png;48x144;Monster;Mudmen i kamp, del 2.
Mudmen2.CEL;32;16;51;4;16;Mudmen2.CEL/032.png;64x204;Monster;Mudmen i kamp, del 2.
Mudmen2.CEL;33;21;22;4;16;Mudmen2.CEL/033.png;84x88;Monster;Mudmen i kamp, del 2.
Mudmen2.CEL;34;41;14;4;16;Mudmen2.CEL/034.png;164x56;Monster;Mudmen i kamp, del 2.
Mudmen2.CEL;35;41;57;5;32;Mudmen2.CEL/035.png;164x228;Monster;Mudmen i kamp, del 2.
Mudmen2.CEL;36;37;62;5;32;Mudmen2.CEL/036.png;148x248;Monster;Mudmen i kamp, del 2.
Mudmen2.CEL;37;57;59;5;32;Mudmen2.CEL/037.png;228x236;Monster;Mudmen i kamp, del 2.
Mudmen2.CEL;38;19;14;4;16;Mudmen2.CEL/038.png;76x56;Monster;Mudmen i kamp, del 2.
Mudmen2.CEL;39;20;6;4;16;Mudmen2.CEL/039.png;80x24;Monster;Mudmen i kamp, del 2.
Mudmen2.CEL;40;38;15;5;32;Mudmen2.CEL/040.png;152x60;Monster;Mudmen i kamp, del 2.
Mudmen2.CEL;41;14;26;5;32;Mudmen2.CEL/041.png;56x104;Monster;Mudmen i kamp, del 2.
Mudmen2.CEL;42;38;16;4;16;Mudmen2.CEL/042.png;152x64;Monster;Mudmen i kamp, del 2.
Mudmen2.CEL;43;36;8;4;16;Mudmen2.CEL/043.png;144x32;Monster;Mudmen i kamp, del 2.
Mudmen2.CEL;44;27;39;5;32;Mudmen2.CEL/044.png;108x156;Monster;Mudmen i kamp, del 2.
Mudmen2.CEL;45;23;42;5;32;Mudmen2.CEL/045.png;92x168;Monster;Mudmen i kamp, del 2.
Mudmen2.CEL;46;60;38;5;32;Mudmen2.CEL/046.png;240x152;Monster;Mudmen i kamp, del 2.
Mudmen2.CEL;47;21;22;4;16;Mudmen2.CEL/047.png;84x88;Monster;Mudmen i kamp, del 2.
Mudmen2.CEL;48;101;15;5;32;Mudmen2.CEL/048.png;404x60;Monster;Mudmen i kamp, del 2.
Mudmen2.CEL;49;47;11;5;32;Mudmen2.CEL/049.png;188x44;Monster;Mudmen i kamp, del 2.
Mudmen2.CEL;50;62;25;5;32;Mudmen2.CEL/050.png;248x100;Monster;Mudmen i kamp, del 2.
Mudmen2.CEL;51;77;22;5;32;Mudmen2.CEL/051.png;308x88;Monster;Mudmen i kamp, del 2.
Mudmen2.CEL;52;19;68;5;32;Mudmen2.CEL/052.png;76x272;Monster;Mudmen i kamp, del 2.
Mudmen2.CEL;53;21;53;5;32;Mudmen2.CEL/053.png;84x212;Monster;Mudmen i kamp, del 2.
Mudmen2.CEL;54;28;13;4;16;Mudmen2.CEL/054.png;112x52;Monster;Mudmen i kamp, del 2.
Mudmen2.CEL;55;15;13;4;16;Mudmen2.CEL/055.png;60x52;Monster;Mudmen i kamp, del 2.
Mudmen2.CEL;56;37;27;4;16;Mudmen2.CEL/056.png;148x108;Monster;Mudmen i kamp, del 2.
Mudmen2.CEL;57;25;40;5;32;Mudmen2.CEL/057.png;100x160;Monster;Mudmen i kamp, del 2.
Mudmen2.CEL;58;23;25;4;16;Mudmen2.CEL/058.png;92x100;Monster;Mudmen i kamp, del 2.
Mudmen2.CEL;59;19;15;4;16;Mudmen2.CEL/059.png;76x60;Monster;Mudmen i kamp, del 2.
Mudmen2.CEL;60;15;6;4;16;Mudmen2.CEL/060.png;60x24;Monster;Mudmen i kamp, del 2.
Mudmen2.CEL;61;15;16;3;8;Mudmen2.CEL/061.png;60x64;Monster;Mudmen i kamp, del 2.
Mudmen2.CEL;62;31;53;5;32;Mudmen2.CEL/062.png;124x212;Monster;Mudmen i kamp, del 2.
Mudmen2.CEL;63;62;7;4;16;Mudmen2.CEL/063.png;248x28;Monster;Mudmen i kamp, del 2.
Mudmen2.CEL;64;28;18;5;32;Mudmen2.CEL/064.png;112x72;Monster;Mudmen i kamp, del 2.
Mudmen2.CEL;65;63;7;4;16;Mudmen2.CEL/065.png;252x28;Monster;Mudmen i kamp, del 2.
mys.cel;0;46;26;4;16;mys.cel/000.png;184x104;By;Mythrid the Mystic: knappene Exit, Ok, pilene og ting.
mys.cel;1;47;26;4;16;mys.cel/001.png;188x104;By;Mythrid the Mystic: knappene Exit, Ok, pilene og ting.
mys.cel;2;32;8;2;4;mys.cel/002.png;128x32;By;Mythrid the Mystic: knappene Exit, Ok, pilene og ting.
mys.cel;3;20;8;2;4;mys.cel/003.png;80x32;By;Mythrid the Mystic: knappene Exit, Ok, pilene og ting.
mys.cel;4;15;9;4;16;mys.cel/004.png;60x36;By;Mythrid the Mystic: knappene Exit, Ok, pilene og ting.
mys.cel;5;15;9;4;16;mys.cel/005.png;60x36;By;Mythrid the Mystic: knappene Exit, Ok, pilene og ting.
mys.cel;6;39;12;5;32;mys.cel/006.png;156x48;By;Mythrid the Mystic: knappene Exit, Ok, pilene og ting.
mys.cel;7;35;10;5;32;mys.cel/007.png;140x40;By;Mythrid the Mystic: knappene Exit, Ok, pilene og ting.
mys.piv;0;320;200;5;32;bg/HASH.png (Lagre bakgrunnen);1280x800;By;Mythrid the Mystic.
ov1.cel;0;51;144;5;32;ov1.cel/000.png;204x576;Kamp;Forgrunn i kampbakgrunnene (busker og røde blader).
ov1.cel;1;140;96;5;32;ov1.cel/001.png;560x384;Kamp;Forgrunn i kampbakgrunnene (busker og røde blader).
ov1.cel;2;23;118;5;32;ov1.cel/002.png;92x472;Kamp;Forgrunn i kampbakgrunnene (busker og røde blader).
ov1.cel;3;106;66;5;32;ov1.cel/003.png;424x264;Kamp;Forgrunn i kampbakgrunnene (busker og røde blader).
po.cel;0;16;18;2;4;po.cel/000.png;64x72;Inventar;Pekeren (sverdet) i inventaret og byene.
RATMEN1.CEL;0;77;13;4;16;RATMEN1.CEL/000.png;308x52;Monster;Rottemennene i kamp, del 1.
RATMEN1.CEL;1;36;26;4;16;RATMEN1.CEL/001.png;144x104;Monster;Rottemennene i kamp, del 1.
RATMEN1.CEL;2;31;26;4;16;RATMEN1.CEL/002.png;124x104;Monster;Rottemennene i kamp, del 1.
RATMEN1.CEL;3;16;15;4;16;RATMEN1.CEL/003.png;64x60;Monster;Rottemennene i kamp, del 1.
RATMEN1.CEL;4;29;25;4;16;RATMEN1.CEL/004.png;116x100;Monster;Rottemennene i kamp, del 1.
RATMEN1.CEL;5;28;27;4;16;RATMEN1.CEL/005.png;112x108;Monster;Rottemennene i kamp, del 1.
RATMEN1.CEL;6;29;25;4;16;RATMEN1.CEL/006.png;116x100;Monster;Rottemennene i kamp, del 1.
RATMEN1.CEL;7;28;26;4;16;RATMEN1.CEL/007.png;112x104;Monster;Rottemennene i kamp, del 1.
RATMEN1.CEL;8;35;7;2;4;RATMEN1.CEL/008.png;140x28;Monster;Rottemennene i kamp, del 1.
RATMEN1.CEL;9;12;15;4;16;RATMEN1.CEL/009.png;48x60;Monster;Rottemennene i kamp, del 1.
RATMEN1.CEL;10;41;28;4;16;RATMEN1.CEL/010.png;164x112;Monster;Rottemennene i kamp, del 1.
RATMEN1.CEL;11;33;22;4;16;RATMEN1.CEL/011.png;132x88;Monster;Rottemennene i kamp, del 1.
RATMEN1.CEL;12;44;31;4;16;RATMEN1.CEL/012.png;176x124;Monster;Rottemennene i kamp, del 1.
RATMEN1.CEL;13;50;15;4;16;RATMEN1.CEL/013.png;200x60;Monster;Rottemennene i kamp, del 1.
RATMEN1.CEL;14;50;36;4;16;RATMEN1.CEL/014.png;200x144;Monster;Rottemennene i kamp, del 1.
RATMEN1.CEL;15;66;30;4;16;RATMEN1.CEL/015.png;264x120;Monster;Rottemennene i kamp, del 1.
RATMEN1.CEL;16;9;11;4;16;RATMEN1.CEL/016.png;36x44;Monster;Rottemennene i kamp, del 1.
RATMEN1.CEL;17;48;15;4;16;RATMEN1.CEL/017.png;192x60;Monster;Rottemennene i kamp, del 1.
RATMEN1.CEL;18;10;11;4;16;RATMEN1.CEL/018.png;40x44;Monster;Rottemennene i kamp, del 1.
RATMEN1.CEL;19;36;2;4;16;RATMEN1.CEL/019.png;144x8;Monster;Rottemennene i kamp, del 1.
RATMEN1.CEL;20;30;12;4;16;RATMEN1.CEL/020.png;120x48;Monster;Rottemennene i kamp, del 1.
RATMEN1.CEL;21;7;9;4;16;RATMEN1.CEL/021.png;28x36;Monster;Rottemennene i kamp, del 1.
RATMEN1.CEL;22;6;12;4;16;RATMEN1.CEL/022.png;24x48;Monster;Rottemennene i kamp, del 1.
RATMEN1.CEL;23;47;32;4;16;RATMEN1.CEL/023.png;188x128;Monster;Rottemennene i kamp, del 1.
RATMEN1.CEL;24;50;37;4;16;RATMEN1.CEL/024.png;200x148;Monster;Rottemennene i kamp, del 1.
RATMEN1.CEL;25;49;39;4;16;RATMEN1.CEL/025.png;196x156;Monster;Rottemennene i kamp, del 1.
RATMEN1.CEL;26;65;38;4;16;RATMEN1.CEL/026.png;260x152;Monster;Rottemennene i kamp, del 1.
RATMEN1.CEL;27;46;42;4;16;RATMEN1.CEL/027.png;184x168;Monster;Rottemennene i kamp, del 1.
RATMEN1.CEL;28;44;39;4;16;RATMEN1.CEL/028.png;176x156;Monster;Rottemennene i kamp, del 1.
RATMEN1.CEL;29;10;27;3;8;RATMEN1.CEL/029.png;40x108;Monster;Rottemennene i kamp, del 1.
RATMEN1.CEL;30;39;17;4;16;RATMEN1.CEL/030.png;156x68;Monster;Rottemennene i kamp, del 1.
RATMEN1.CEL;31;23;8;4;16;RATMEN1.CEL/031.png;92x32;Monster;Rottemennene i kamp, del 1.
RATMEN1.CEL;32;28;26;4;16;RATMEN1.CEL/032.png;112x104;Monster;Rottemennene i kamp, del 1.
RATMEN1.CEL;33;36;21;4;16;RATMEN1.CEL/033.png;144x84;Monster;Rottemennene i kamp, del 1.
RATMEN1.CEL;34;23;23;4;16;RATMEN1.CEL/034.png;92x92;Monster;Rottemennene i kamp, del 1.
RATMEN1.CEL;35;7;3;4;16;RATMEN1.CEL/035.png;28x12;Monster;Rottemennene i kamp, del 1.
RATMEN1.CEL;36;31;23;4;16;RATMEN1.CEL/036.png;124x92;Monster;Rottemennene i kamp, del 1.
RATMEN1.CEL;37;31;4;4;16;RATMEN1.CEL/037.png;124x16;Monster;Rottemennene i kamp, del 1.
RATMEN1.CEL;38;18;16;4;16;RATMEN1.CEL/038.png;72x64;Monster;Rottemennene i kamp, del 1.
RATMEN1.CEL;39;33;29;4;16;RATMEN1.CEL/039.png;132x116;Monster;Rottemennene i kamp, del 1.
RATMEN1.CEL;40;35;23;4;16;RATMEN1.CEL/040.png;140x92;Monster;Rottemennene i kamp, del 1.
RATMEN1.CEL;41;35;24;4;16;RATMEN1.CEL/041.png;140x96;Monster;Rottemennene i kamp, del 1.
RATMEN1.CEL;42;23;23;4;16;RATMEN1.CEL/042.png;92x92;Monster;Rottemennene i kamp, del 1.
RATMEN1.CEL;43;29;30;4;16;RATMEN1.CEL/043.png;116x120;Monster;Rottemennene i kamp, del 1.
RATMEN1.CEL;44;9;9;4;16;RATMEN1.CEL/044.png;36x36;Monster;Rottemennene i kamp, del 1.
RATMEN1.CEL;45;42;26;4;16;RATMEN1.CEL/045.png;168x104;Monster;Rottemennene i kamp, del 1.
RATMEN1.CEL;46;41;9;4;16;RATMEN1.CEL/046.png;164x36;Monster;Rottemennene i kamp, del 1.
RATMEN1.CEL;47;26;16;4;16;RATMEN1.CEL/047.png;104x64;Monster;Rottemennene i kamp, del 1.
RATMEN1.CEL;48;44;17;4;16;RATMEN1.CEL/048.png;176x68;Monster;Rottemennene i kamp, del 1.
RATMEN1.CEL;49;22;20;4;16;RATMEN1.CEL/049.png;88x80;Monster;Rottemennene i kamp, del 1.
RATMEN1.CEL;50;28;11;4;16;RATMEN1.CEL/050.png;112x44;Monster;Rottemennene i kamp, del 1.
RATMEN1.CEL;51;28;3;4;16;RATMEN1.CEL/051.png;112x12;Monster;Rottemennene i kamp, del 1.
RATMEN1.CEL;52;21;25;5;32;RATMEN1.CEL/052.png;84x100;Monster;Rottemennene i kamp, del 1.
RATMEN1.CEL;53;16;42;5;32;RATMEN1.CEL/053.png;64x168;Monster;Rottemennene i kamp, del 1.
RATMEN1.CEL;54;16;45;5;32;RATMEN1.CEL/054.png;64x180;Monster;Rottemennene i kamp, del 1.
RATMEN1.CEL;55;5;73;4;16;RATMEN1.CEL/055.png;20x292;Monster;Rottemennene i kamp, del 1.
RATMEN1.CEL;56;31;12;4;16;RATMEN1.CEL/056.png;124x48;Monster;Rottemennene i kamp, del 1.
RATMEN1.CEL;57;21;18;4;16;RATMEN1.CEL/057.png;84x72;Monster;Rottemennene i kamp, del 1.
RATMEN1.CEL;58;10;8;4;16;RATMEN1.CEL/058.png;40x32;Monster;Rottemennene i kamp, del 1.
RATMEN1.CEL;59;15;7;2;4;RATMEN1.CEL/059.png;60x28;Monster;Rottemennene i kamp, del 1.
RATMEN1.CEL;60;14;11;4;16;RATMEN1.CEL/060.png;56x44;Monster;Rottemennene i kamp, del 1.
RATMEN1.CEL;61;17;22;4;16;RATMEN1.CEL/061.png;68x88;Monster;Rottemennene i kamp, del 1.
RATMEN1.CEL;62;15;15;4;16;RATMEN1.CEL/062.png;60x60;Monster;Rottemennene i kamp, del 1.
RATMEN1.CEL;63;44;35;5;32;RATMEN1.CEL/063.png;176x140;Monster;Rottemennene i kamp, del 1.
RATMEN2.CEL;0;24;25;4;16;RATMEN2.CEL/000.png;96x100;Monster;Rottemennene i kamp, del 2.
RATMEN2.CEL;1;73;26;4;16;RATMEN2.CEL/001.png;292x104;Monster;Rottemennene i kamp, del 2.
RATMEN2.CEL;2;30;33;4;16;RATMEN2.CEL/002.png;120x132;Monster;Rottemennene i kamp, del 2.
RATMEN2.CEL;3;23;10;4;16;RATMEN2.CEL/003.png;92x40;Monster;Rottemennene i kamp, del 2.
RATMEN2.CEL;4;50;40;4;16;RATMEN2.CEL/004.png;200x160;Monster;Rottemennene i kamp, del 2.
RATMEN2.CEL;5;26;8;4;16;RATMEN2.CEL/005.png;104x32;Monster;Rottemennene i kamp, del 2.
RATMEN2.CEL;6;41;19;4;16;RATMEN2.CEL/006.png;164x76;Monster;Rottemennene i kamp, del 2.
RATMEN2.CEL;7;48;9;4;16;RATMEN2.CEL/007.png;192x36;Monster;Rottemennene i kamp, del 2.
RATMEN2.CEL;8;17;5;4;16;RATMEN2.CEL/008.png;68x20;Monster;Rottemennene i kamp, del 2.
RATMEN2.CEL;9;20;6;4;16;RATMEN2.CEL/009.png;80x24;Monster;Rottemennene i kamp, del 2.
RATMEN2.CEL;10;25;13;4;16;RATMEN2.CEL/010.png;100x52;Monster;Rottemennene i kamp, del 2.
RATMEN2.CEL;11;19;11;4;16;RATMEN2.CEL/011.png;76x44;Monster;Rottemennene i kamp, del 2.
RATMEN2.CEL;12;17;16;4;16;RATMEN2.CEL/012.png;68x64;Monster;Rottemennene i kamp, del 2.
RATMEN2.CEL;13;17;2;4;16;RATMEN2.CEL/013.png;68x8;Monster;Rottemennene i kamp, del 2.
RATMEN2.CEL;14;84;15;4;16;RATMEN2.CEL/014.png;336x60;Monster;Rottemennene i kamp, del 2.
RATMEN2.CEL;15;20;12;4;16;RATMEN2.CEL/015.png;80x48;Monster;Rottemennene i kamp, del 2.
RATMEN2.CEL;16;29;17;4;16;RATMEN2.CEL/016.png;116x68;Monster;Rottemennene i kamp, del 2.
RATMEN2.CEL;17;32;14;4;16;RATMEN2.CEL/017.png;128x56;Monster;Rottemennene i kamp, del 2.
RATMEN2.CEL;18;36;10;4;16;RATMEN2.CEL/018.png;144x40;Monster;Rottemennene i kamp, del 2.
RATMEN2.CEL;19;33;32;4;16;RATMEN2.CEL/019.png;132x128;Monster;Rottemennene i kamp, del 2.
RATMEN2.CEL;20;7;46;4;16;RATMEN2.CEL/020.png;28x184;Monster;Rottemennene i kamp, del 2.
RATMEN2.CEL;21;7;46;4;16;RATMEN2.CEL/021.png;28x184;Monster;Rottemennene i kamp, del 2.
RATMEN2.CEL;22;56;17;4;16;RATMEN2.CEL/022.png;224x68;Monster;Rottemennene i kamp, del 2.
RATMEN2.CEL;23;34;36;4;16;RATMEN2.CEL/023.png;136x144;Monster;Rottemennene i kamp, del 2.
RATMEN2.CEL;24;3;4;0;0;RATMEN2.CEL/024.png;12x16;Monster;Rottemennene i kamp, del 2.
RATMEN2.CEL;25;29;29;4;16;RATMEN2.CEL/025.png;116x116;Monster;Rottemennene i kamp, del 2.
RATMEN2.CEL;26;38;20;4;16;RATMEN2.CEL/026.png;152x80;Monster;Rottemennene i kamp, del 2.
RATMEN2.CEL;27;39;10;4;16;RATMEN2.CEL/027.png;156x40;Monster;Rottemennene i kamp, del 2.
RATMEN2.CEL;28;50;27;4;16;RATMEN2.CEL/028.png;200x108;Monster;Rottemennene i kamp, del 2.
RATMEN2.CEL;29;76;29;4;16;RATMEN2.CEL/029.png;304x116;Monster;Rottemennene i kamp, del 2.
RATMEN2.CEL;30;36;15;4;16;RATMEN2.CEL/030.png;144x60;Monster;Rottemennene i kamp, del 2.
RATMEN2.CEL;31;50;25;4;16;RATMEN2.CEL/031.png;200x100;Monster;Rottemennene i kamp, del 2.
RATMEN2.CEL;32;67;32;4;16;RATMEN2.CEL/032.png;268x128;Monster;Rottemennene i kamp, del 2.
RATMEN2.CEL;33;8;5;4;16;RATMEN2.CEL/033.png;32x20;Monster;Rottemennene i kamp, del 2.
RATMEN2.CEL;34;25;18;4;16;RATMEN2.CEL/034.png;100x72;Monster;Rottemennene i kamp, del 2.
RATMEN2.CEL;35;21;26;4;16;RATMEN2.CEL/035.png;84x104;Monster;Rottemennene i kamp, del 2.
RATMEN2.CEL;36;23;74;4;16;RATMEN2.CEL/036.png;92x296;Monster;Rottemennene i kamp, del 2.
RATMEN2.CEL;37;9;18;4;16;RATMEN2.CEL/037.png;36x72;Monster;Rottemennene i kamp, del 2.
RATMEN2.CEL;38;7;22;4;16;RATMEN2.CEL/038.png;28x88;Monster;Rottemennene i kamp, del 2.
RATMEN2.CEL;39;7;39;4;16;RATMEN2.CEL/039.png;28x156;Monster;Rottemennene i kamp, del 2.
RATMEN2.CEL;40;10;39;4;16;RATMEN2.CEL/040.png;40x156;Monster;Rottemennene i kamp, del 2.
RATMEN2.CEL;41;28;29;4;16;RATMEN2.CEL/041.png;112x116;Monster;Rottemennene i kamp, del 2.
RATMEN2.CEL;42;34;55;4;16;RATMEN2.CEL/042.png;136x220;Monster;Rottemennene i kamp, del 2.
RATMEN2.CEL;43;41;8;4;16;RATMEN2.CEL/043.png;164x32;Monster;Rottemennene i kamp, del 2.
RATMEN2.CEL;44;33;56;4;16;RATMEN2.CEL/044.png;132x224;Monster;Rottemennene i kamp, del 2.
RATMEN2.CEL;45;7;33;2;4;RATMEN2.CEL/045.png;28x132;Monster;Rottemennene i kamp, del 2.
RATMEN2.CEL;46;39;9;4;16;RATMEN2.CEL/046.png;156x36;Monster;Rottemennene i kamp, del 2.
RATMEN2.CEL;47;31;66;4;16;RATMEN2.CEL/047.png;124x264;Monster;Rottemennene i kamp, del 2.
RATMEN2.CEL;48;19;30;2;4;RATMEN2.CEL/048.png;76x120;Monster;Rottemennene i kamp, del 2.
RATMEN2.CEL;49;44;16;2;4;RATMEN2.CEL/049.png;176x64;Monster;Rottemennene i kamp, del 2.
RATMEN2.CEL;50;32;15;3;8;RATMEN2.CEL/050.png;128x60;Monster;Rottemennene i kamp, del 2.
RATMEN2.CEL;51;36;11;4;16;RATMEN2.CEL/051.png;144x44;Monster;Rottemennene i kamp, del 2.
RATMEN2.CEL;52;16;13;4;16;RATMEN2.CEL/052.png;64x52;Monster;Rottemennene i kamp, del 2.
RATMEN2.CEL;53;16;6;4;16;RATMEN2.CEL/053.png;64x24;Monster;Rottemennene i kamp, del 2.
RATMEN2.CEL;54;12;19;4;16;RATMEN2.CEL/054.png;48x76;Monster;Rottemennene i kamp, del 2.
RATMEN2.CEL;55;7;11;4;16;RATMEN2.CEL/055.png;28x44;Monster;Rottemennene i kamp, del 2.
RATMEN2.CEL;56;24;2;4;16;RATMEN2.CEL/056.png;96x8;Monster;Rottemennene i kamp, del 2.
RATMEN2.CEL;57;25;3;4;16;RATMEN2.CEL/057.png;100x12;Monster;Rottemennene i kamp, del 2.
RATMEN2.CEL;58;48;53;4;16;RATMEN2.CEL/058.png;192x212;Monster;Rottemennene i kamp, del 2.
RATMEN2.CEL;59;28;71;4;16;RATMEN2.CEL/059.png;112x284;Monster;Rottemennene i kamp, del 2.
RATMEN2.CEL;60;33;37;4;16;RATMEN2.CEL/060.png;132x148;Monster;Rottemennene i kamp, del 2.
RATMEN2.CEL;61;16;48;4;16;RATMEN2.CEL/061.png;64x192;Monster;Rottemennene i kamp, del 2.
RATMEN2.CEL;62;22;72;4;16;RATMEN2.CEL/062.png;88x288;Monster;Rottemennene i kamp, del 2.
RATMEN2.CEL;63;2;13;2;4;RATMEN2.CEL/063.png;8x52;Monster;Rottemennene i kamp, del 2.
sel.cel;0;38;19;4;16;sel.cel/000.png;152x76;Meny;Pilen i menyene (bilde 0) og de fire ridderne i Select a Knight (1-5).
sel.cel;1;64;76;4;16;sel.cel/001.png;256x304;Meny;Pilen i menyene (bilde 0) og de fire ridderne i Select a Knight (1-5).
sel.cel;2;64;76;5;32;sel.cel/002.png;256x304;Meny;Pilen i menyene (bilde 0) og de fire ridderne i Select a Knight (1-5).
sel.cel;3;64;76;5;32;sel.cel/003.png;256x304;Meny;Pilen i menyene (bilde 0) og de fire ridderne i Select a Knight (1-5).
sel.cel;4;64;76;5;32;sel.cel/004.png;256x304;Meny;Pilen i menyene (bilde 0) og de fire ridderne i Select a Knight (1-5).
sel.cel;5;64;76;5;32;sel.cel/005.png;256x304;Meny;Pilen i menyene (bilde 0) og de fire ridderne i Select a Knight (1-5).
Small.font;0;5;6;1;2;Small.font/000.png;20x24;Font;Den lille fonten (5 x 6): inventaret, valgene på kartet. 0-25 A-Z, 26-51 også A-Z, 52-61 0-9, så tegn.
Small.font;1;5;6;1;2;Small.font/001.png;20x24;Font;Den lille fonten (5 x 6): inventaret, valgene på kartet. 0-25 A-Z, 26-51 også A-Z, 52-61 0-9, så tegn.
Small.font;2;5;6;1;2;Small.font/002.png;20x24;Font;Den lille fonten (5 x 6): inventaret, valgene på kartet. 0-25 A-Z, 26-51 også A-Z, 52-61 0-9, så tegn.
Small.font;3;5;6;1;2;Small.font/003.png;20x24;Font;Den lille fonten (5 x 6): inventaret, valgene på kartet. 0-25 A-Z, 26-51 også A-Z, 52-61 0-9, så tegn.
Small.font;4;5;6;1;2;Small.font/004.png;20x24;Font;Den lille fonten (5 x 6): inventaret, valgene på kartet. 0-25 A-Z, 26-51 også A-Z, 52-61 0-9, så tegn.
Small.font;5;5;6;1;2;Small.font/005.png;20x24;Font;Den lille fonten (5 x 6): inventaret, valgene på kartet. 0-25 A-Z, 26-51 også A-Z, 52-61 0-9, så tegn.
Small.font;6;5;6;1;2;Small.font/006.png;20x24;Font;Den lille fonten (5 x 6): inventaret, valgene på kartet. 0-25 A-Z, 26-51 også A-Z, 52-61 0-9, så tegn.
Small.font;7;5;6;1;2;Small.font/007.png;20x24;Font;Den lille fonten (5 x 6): inventaret, valgene på kartet. 0-25 A-Z, 26-51 også A-Z, 52-61 0-9, så tegn.
Small.font;8;4;6;1;2;Small.font/008.png;16x24;Font;Den lille fonten (5 x 6): inventaret, valgene på kartet. 0-25 A-Z, 26-51 også A-Z, 52-61 0-9, så tegn.
Small.font;9;5;6;1;2;Small.font/009.png;20x24;Font;Den lille fonten (5 x 6): inventaret, valgene på kartet. 0-25 A-Z, 26-51 også A-Z, 52-61 0-9, så tegn.
Small.font;10;5;6;1;2;Small.font/010.png;20x24;Font;Den lille fonten (5 x 6): inventaret, valgene på kartet. 0-25 A-Z, 26-51 også A-Z, 52-61 0-9, så tegn.
Small.font;11;4;6;1;2;Small.font/011.png;16x24;Font;Den lille fonten (5 x 6): inventaret, valgene på kartet. 0-25 A-Z, 26-51 også A-Z, 52-61 0-9, så tegn.
Small.font;12;6;6;1;2;Small.font/012.png;24x24;Font;Den lille fonten (5 x 6): inventaret, valgene på kartet. 0-25 A-Z, 26-51 også A-Z, 52-61 0-9, så tegn.
Small.font;13;6;6;1;2;Small.font/013.png;24x24;Font;Den lille fonten (5 x 6): inventaret, valgene på kartet. 0-25 A-Z, 26-51 også A-Z, 52-61 0-9, så tegn.
Small.font;14;5;6;1;2;Small.font/014.png;20x24;Font;Den lille fonten (5 x 6): inventaret, valgene på kartet. 0-25 A-Z, 26-51 også A-Z, 52-61 0-9, så tegn.
Small.font;15;5;6;1;2;Small.font/015.png;20x24;Font;Den lille fonten (5 x 6): inventaret, valgene på kartet. 0-25 A-Z, 26-51 også A-Z, 52-61 0-9, så tegn.
Small.font;16;5;6;1;2;Small.font/016.png;20x24;Font;Den lille fonten (5 x 6): inventaret, valgene på kartet. 0-25 A-Z, 26-51 også A-Z, 52-61 0-9, så tegn.
Small.font;17;5;6;1;2;Small.font/017.png;20x24;Font;Den lille fonten (5 x 6): inventaret, valgene på kartet. 0-25 A-Z, 26-51 også A-Z, 52-61 0-9, så tegn.
Small.font;18;4;6;1;2;Small.font/018.png;16x24;Font;Den lille fonten (5 x 6): inventaret, valgene på kartet. 0-25 A-Z, 26-51 også A-Z, 52-61 0-9, så tegn.
Small.font;19;4;6;1;2;Small.font/019.png;16x24;Font;Den lille fonten (5 x 6): inventaret, valgene på kartet. 0-25 A-Z, 26-51 også A-Z, 52-61 0-9, så tegn.
Small.font;20;5;6;1;2;Small.font/020.png;20x24;Font;Den lille fonten (5 x 6): inventaret, valgene på kartet. 0-25 A-Z, 26-51 også A-Z, 52-61 0-9, så tegn.
Small.font;21;5;6;1;2;Small.font/021.png;20x24;Font;Den lille fonten (5 x 6): inventaret, valgene på kartet. 0-25 A-Z, 26-51 også A-Z, 52-61 0-9, så tegn.
Small.font;22;6;6;1;2;Small.font/022.png;24x24;Font;Den lille fonten (5 x 6): inventaret, valgene på kartet. 0-25 A-Z, 26-51 også A-Z, 52-61 0-9, så tegn.
Small.font;23;4;6;1;2;Small.font/023.png;16x24;Font;Den lille fonten (5 x 6): inventaret, valgene på kartet. 0-25 A-Z, 26-51 også A-Z, 52-61 0-9, så tegn.
Small.font;24;6;6;1;2;Small.font/024.png;24x24;Font;Den lille fonten (5 x 6): inventaret, valgene på kartet. 0-25 A-Z, 26-51 også A-Z, 52-61 0-9, så tegn.
Small.font;25;4;6;1;2;Small.font/025.png;16x24;Font;Den lille fonten (5 x 6): inventaret, valgene på kartet. 0-25 A-Z, 26-51 også A-Z, 52-61 0-9, så tegn.
Small.font;26;5;6;1;2;Small.font/026.png;20x24;Font;Den lille fonten (5 x 6): inventaret, valgene på kartet. 0-25 A-Z, 26-51 også A-Z, 52-61 0-9, så tegn.
Small.font;27;5;6;1;2;Small.font/027.png;20x24;Font;Den lille fonten (5 x 6): inventaret, valgene på kartet. 0-25 A-Z, 26-51 også A-Z, 52-61 0-9, så tegn.
Small.font;28;5;6;1;2;Small.font/028.png;20x24;Font;Den lille fonten (5 x 6): inventaret, valgene på kartet. 0-25 A-Z, 26-51 også A-Z, 52-61 0-9, så tegn.
Small.font;29;5;6;1;2;Small.font/029.png;20x24;Font;Den lille fonten (5 x 6): inventaret, valgene på kartet. 0-25 A-Z, 26-51 også A-Z, 52-61 0-9, så tegn.
Small.font;30;5;6;1;2;Small.font/030.png;20x24;Font;Den lille fonten (5 x 6): inventaret, valgene på kartet. 0-25 A-Z, 26-51 også A-Z, 52-61 0-9, så tegn.
Small.font;31;5;6;1;2;Small.font/031.png;20x24;Font;Den lille fonten (5 x 6): inventaret, valgene på kartet. 0-25 A-Z, 26-51 også A-Z, 52-61 0-9, så tegn.
Small.font;32;5;6;1;2;Small.font/032.png;20x24;Font;Den lille fonten (5 x 6): inventaret, valgene på kartet. 0-25 A-Z, 26-51 også A-Z, 52-61 0-9, så tegn.
Small.font;33;5;6;1;2;Small.font/033.png;20x24;Font;Den lille fonten (5 x 6): inventaret, valgene på kartet. 0-25 A-Z, 26-51 også A-Z, 52-61 0-9, så tegn.
Small.font;34;4;6;1;2;Small.font/034.png;16x24;Font;Den lille fonten (5 x 6): inventaret, valgene på kartet. 0-25 A-Z, 26-51 også A-Z, 52-61 0-9, så tegn.
Small.font;35;5;6;1;2;Small.font/035.png;20x24;Font;Den lille fonten (5 x 6): inventaret, valgene på kartet. 0-25 A-Z, 26-51 også A-Z, 52-61 0-9, så tegn.
Small.font;36;5;6;1;2;Small.font/036.png;20x24;Font;Den lille fonten (5 x 6): inventaret, valgene på kartet. 0-25 A-Z, 26-51 også A-Z, 52-61 0-9, så tegn.
Small.font;37;4;6;1;2;Small.font/037.png;16x24;Font;Den lille fonten (5 x 6): inventaret, valgene på kartet. 0-25 A-Z, 26-51 også A-Z, 52-61 0-9, så tegn.
Small.font;38;6;6;1;2;Small.font/038.png;24x24;Font;Den lille fonten (5 x 6): inventaret, valgene på kartet. 0-25 A-Z, 26-51 også A-Z, 52-61 0-9, så tegn.
Small.font;39;6;6;1;2;Small.font/039.png;24x24;Font;Den lille fonten (5 x 6): inventaret, valgene på kartet. 0-25 A-Z, 26-51 også A-Z, 52-61 0-9, så tegn.
Small.font;40;5;6;1;2;Small.font/040.png;20x24;Font;Den lille fonten (5 x 6): inventaret, valgene på kartet. 0-25 A-Z, 26-51 også A-Z, 52-61 0-9, så tegn.
Small.font;41;5;6;1;2;Small.font/041.png;20x24;Font;Den lille fonten (5 x 6): inventaret, valgene på kartet. 0-25 A-Z, 26-51 også A-Z, 52-61 0-9, så tegn.
Small.font;42;5;6;1;2;Small.font/042.png;20x24;Font;Den lille fonten (5 x 6): inventaret, valgene på kartet. 0-25 A-Z, 26-51 også A-Z, 52-61 0-9, så tegn.
Small.font;43;5;6;1;2;Small.font/043.png;20x24;Font;Den lille fonten (5 x 6): inventaret, valgene på kartet. 0-25 A-Z, 26-51 også A-Z, 52-61 0-9, så tegn.
Small.font;44;4;6;1;2;Small.font/044.png;16x24;Font;Den lille fonten (5 x 6): inventaret, valgene på kartet. 0-25 A-Z, 26-51 også A-Z, 52-61 0-9, så tegn.
Small.font;45;4;6;1;2;Small.font/045.png;16x24;Font;Den lille fonten (5 x 6): inventaret, valgene på kartet. 0-25 A-Z, 26-51 også A-Z, 52-61 0-9, så tegn.
Small.font;46;5;6;1;2;Small.font/046.png;20x24;Font;Den lille fonten (5 x 6): inventaret, valgene på kartet. 0-25 A-Z, 26-51 også A-Z, 52-61 0-9, så tegn.
Small.font;47;5;6;1;2;Small.font/047.png;20x24;Font;Den lille fonten (5 x 6): inventaret, valgene på kartet. 0-25 A-Z, 26-51 også A-Z, 52-61 0-9, så tegn.
Small.font;48;6;6;1;2;Small.font/048.png;24x24;Font;Den lille fonten (5 x 6): inventaret, valgene på kartet. 0-25 A-Z, 26-51 også A-Z, 52-61 0-9, så tegn.
Small.font;49;4;6;1;2;Small.font/049.png;16x24;Font;Den lille fonten (5 x 6): inventaret, valgene på kartet. 0-25 A-Z, 26-51 også A-Z, 52-61 0-9, så tegn.
Small.font;50;6;6;1;2;Small.font/050.png;24x24;Font;Den lille fonten (5 x 6): inventaret, valgene på kartet. 0-25 A-Z, 26-51 også A-Z, 52-61 0-9, så tegn.
Small.font;51;4;6;1;2;Small.font/051.png;16x24;Font;Den lille fonten (5 x 6): inventaret, valgene på kartet. 0-25 A-Z, 26-51 også A-Z, 52-61 0-9, så tegn.
Small.font;52;5;6;1;2;Small.font/052.png;20x24;Font;Den lille fonten (5 x 6): inventaret, valgene på kartet. 0-25 A-Z, 26-51 også A-Z, 52-61 0-9, så tegn.
Small.font;53;4;6;1;2;Small.font/053.png;16x24;Font;Den lille fonten (5 x 6): inventaret, valgene på kartet. 0-25 A-Z, 26-51 også A-Z, 52-61 0-9, så tegn.
Small.font;54;4;6;1;2;Small.font/054.png;16x24;Font;Den lille fonten (5 x 6): inventaret, valgene på kartet. 0-25 A-Z, 26-51 også A-Z, 52-61 0-9, så tegn.
Small.font;55;4;6;1;2;Small.font/055.png;16x24;Font;Den lille fonten (5 x 6): inventaret, valgene på kartet. 0-25 A-Z, 26-51 også A-Z, 52-61 0-9, så tegn.
Small.font;56;5;6;1;2;Small.font/056.png;20x24;Font;Den lille fonten (5 x 6): inventaret, valgene på kartet. 0-25 A-Z, 26-51 også A-Z, 52-61 0-9, så tegn.
Small.font;57;4;6;1;2;Small.font/057.png;16x24;Font;Den lille fonten (5 x 6): inventaret, valgene på kartet. 0-25 A-Z, 26-51 også A-Z, 52-61 0-9, så tegn.
Small.font;58;5;6;1;2;Small.font/058.png;20x24;Font;Den lille fonten (5 x 6): inventaret, valgene på kartet. 0-25 A-Z, 26-51 også A-Z, 52-61 0-9, så tegn.
Small.font;59;4;6;1;2;Small.font/059.png;16x24;Font;Den lille fonten (5 x 6): inventaret, valgene på kartet. 0-25 A-Z, 26-51 også A-Z, 52-61 0-9, så tegn.
Small.font;60;5;6;1;2;Small.font/060.png;20x24;Font;Den lille fonten (5 x 6): inventaret, valgene på kartet. 0-25 A-Z, 26-51 også A-Z, 52-61 0-9, så tegn.
Small.font;61;5;6;1;2;Small.font/061.png;20x24;Font;Den lille fonten (5 x 6): inventaret, valgene på kartet. 0-25 A-Z, 26-51 også A-Z, 52-61 0-9, så tegn.
Small.font;62;5;6;1;2;Small.font/062.png;20x24;Font;Den lille fonten (5 x 6): inventaret, valgene på kartet. 0-25 A-Z, 26-51 også A-Z, 52-61 0-9, så tegn.
Small.font;63;5;6;1;2;Small.font/063.png;20x24;Font;Den lille fonten (5 x 6): inventaret, valgene på kartet. 0-25 A-Z, 26-51 også A-Z, 52-61 0-9, så tegn.
Small.font;64;5;6;1;2;Small.font/064.png;20x24;Font;Den lille fonten (5 x 6): inventaret, valgene på kartet. 0-25 A-Z, 26-51 også A-Z, 52-61 0-9, så tegn.
Small.font;65;5;6;1;2;Small.font/065.png;20x24;Font;Den lille fonten (5 x 6): inventaret, valgene på kartet. 0-25 A-Z, 26-51 også A-Z, 52-61 0-9, så tegn.
Small.font;66;6;6;1;2;Small.font/066.png;24x24;Font;Den lille fonten (5 x 6): inventaret, valgene på kartet. 0-25 A-Z, 26-51 også A-Z, 52-61 0-9, så tegn.
Small.font;67;5;6;1;2;Small.font/067.png;20x24;Font;Den lille fonten (5 x 6): inventaret, valgene på kartet. 0-25 A-Z, 26-51 også A-Z, 52-61 0-9, så tegn.
Small.font;68;5;6;1;2;Small.font/068.png;20x24;Font;Den lille fonten (5 x 6): inventaret, valgene på kartet. 0-25 A-Z, 26-51 også A-Z, 52-61 0-9, så tegn.
Small.font;69;5;6;0;0;Small.font/069.png;20x24;Font;Den lille fonten (5 x 6): inventaret, valgene på kartet. 0-25 A-Z, 26-51 også A-Z, 52-61 0-9, så tegn.
Small.font;70;3;6;1;2;Small.font/070.png;12x24;Font;Den lille fonten (5 x 6): inventaret, valgene på kartet. 0-25 A-Z, 26-51 også A-Z, 52-61 0-9, så tegn.
Small.font;71;5;6;1;2;Small.font/071.png;20x24;Font;Den lille fonten (5 x 6): inventaret, valgene på kartet. 0-25 A-Z, 26-51 også A-Z, 52-61 0-9, så tegn.
tav.piv;0;320;200;5;32;bg/HASH.png (Lagre bakgrunnen);1280x800;Taverna;Tavernaen, med menyen til høyre.
test;0;320;200;5;32;bg/HASH.png (Lagre bakgrunnen);1280x800;Kart og kamp;Ni bilder: 0-3 er biter til kampbakgrunnene (trær, røtter, gress), 4-7 er kampbakgrunner (skog, skogkant, gresslette), 8 er kartet.
test;1;320;200;5;32;bg/HASH.png (Lagre bakgrunnen);1280x800;Kart og kamp;Ni bilder: 0-3 er biter til kampbakgrunnene (trær, røtter, gress), 4-7 er kampbakgrunner (skog, skogkant, gresslette), 8 er kartet.
test;2;320;200;5;32;bg/HASH.png (Lagre bakgrunnen);1280x800;Kart og kamp;Ni bilder: 0-3 er biter til kampbakgrunnene (trær, røtter, gress), 4-7 er kampbakgrunner (skog, skogkant, gresslette), 8 er kartet.
test;3;320;200;5;32;bg/HASH.png (Lagre bakgrunnen);1280x800;Kart og kamp;Ni bilder: 0-3 er biter til kampbakgrunnene (trær, røtter, gress), 4-7 er kampbakgrunner (skog, skogkant, gresslette), 8 er kartet.
test;4;320;200;5;32;bg/HASH.png (Lagre bakgrunnen);1280x800;Kart og kamp;Ni bilder: 0-3 er biter til kampbakgrunnene (trær, røtter, gress), 4-7 er kampbakgrunner (skog, skogkant, gresslette), 8 er kartet.
test;5;320;200;5;32;bg/HASH.png (Lagre bakgrunnen);1280x800;Kart og kamp;Ni bilder: 0-3 er biter til kampbakgrunnene (trær, røtter, gress), 4-7 er kampbakgrunner (skog, skogkant, gresslette), 8 er kartet.
test;6;320;200;5;32;bg/HASH.png (Lagre bakgrunnen);1280x800;Kart og kamp;Ni bilder: 0-3 er biter til kampbakgrunnene (trær, røtter, gress), 4-7 er kampbakgrunner (skog, skogkant, gresslette), 8 er kartet.
test;7;320;200;5;32;bg/HASH.png (Lagre bakgrunnen);1280x800;Kart og kamp;Ni bilder: 0-3 er biter til kampbakgrunnene (trær, røtter, gress), 4-7 er kampbakgrunner (skog, skogkant, gresslette), 8 er kartet.
test;8;320;200;5;32;bg/HASH.png (Lagre bakgrunnen);1280x800;Kart og kamp;Ni bilder: 0-3 er biter til kampbakgrunnene (trær, røtter, gress), 4-7 er kampbakgrunner (skog, skogkant, gresslette), 8 er kartet.
TROGGAxe1.CEL;0;37;51;4;16;TROGGAxe1.CEL/000.png;148x204;Monster;Trogg med øks i kamp, del 1.
TROGGAxe1.CEL;1;26;26;4;16;TROGGAxe1.CEL/001.png;104x104;Monster;Trogg med øks i kamp, del 1.
TROGGAxe1.CEL;2;33;51;4;16;TROGGAxe1.CEL/002.png;132x204;Monster;Trogg med øks i kamp, del 1.
TROGGAxe1.CEL;3;27;27;4;16;TROGGAxe1.CEL/003.png;108x108;Monster;Trogg med øks i kamp, del 1.
TROGGAxe1.CEL;4;45;52;4;16;TROGGAxe1.CEL/004.png;180x208;Monster;Trogg med øks i kamp, del 1.
TROGGAxe1.CEL;5;27;21;4;16;TROGGAxe1.CEL/005.png;108x84;Monster;Trogg med øks i kamp, del 1.
TROGGAxe1.CEL;6;43;44;4;16;TROGGAxe1.CEL/006.png;172x176;Monster;Trogg med øks i kamp, del 1.
TROGGAxe1.CEL;7;27;25;4;16;TROGGAxe1.CEL/007.png;108x100;Monster;Trogg med øks i kamp, del 1.
TROGGAxe1.CEL;8;26;46;4;16;TROGGAxe1.CEL/008.png;104x184;Monster;Trogg med øks i kamp, del 1.
TROGGAxe1.CEL;9;40;54;4;16;TROGGAxe1.CEL/009.png;160x216;Monster;Trogg med øks i kamp, del 1.
TROGGAxe1.CEL;10;43;23;4;16;TROGGAxe1.CEL/010.png;172x92;Monster;Trogg med øks i kamp, del 1.
TROGGAxe1.CEL;11;26;27;4;16;TROGGAxe1.CEL/011.png;104x108;Monster;Trogg med øks i kamp, del 1.
TROGGAxe1.CEL;12;37;21;4;16;TROGGAxe1.CEL/012.png;148x84;Monster;Trogg med øks i kamp, del 1.
TROGGAxe1.CEL;13;31;33;4;16;TROGGAxe1.CEL/013.png;124x132;Monster;Trogg med øks i kamp, del 1.
TROGGAxe1.CEL;14;50;6;2;4;TROGGAxe1.CEL/014.png;200x24;Monster;Trogg med øks i kamp, del 1.
TROGGAxe1.CEL;15;38;31;4;16;TROGGAxe1.CEL/015.png;152x124;Monster;Trogg med øks i kamp, del 1.
TROGGAxe1.CEL;16;33;30;4;16;TROGGAxe1.CEL/016.png;132x120;Monster;Trogg med øks i kamp, del 1.
TROGGAxe1.CEL;17;23;4;2;4;TROGGAxe1.CEL/017.png;92x16;Monster;Trogg med øks i kamp, del 1.
TROGGAxe1.CEL;18;13;2;2;4;TROGGAxe1.CEL/018.png;52x8;Monster;Trogg med øks i kamp, del 1.
TROGGAxe1.CEL;19;33;28;4;16;TROGGAxe1.CEL/019.png;132x112;Monster;Trogg med øks i kamp, del 1.
TROGGAxe1.CEL;20;40;23;4;16;TROGGAxe1.CEL/020.png;160x92;Monster;Trogg med øks i kamp, del 1.
TROGGAxe1.CEL;21;20;12;4;16;TROGGAxe1.CEL/021.png;80x48;Monster;Trogg med øks i kamp, del 1.
TROGGAxe1.CEL;22;25;11;4;16;TROGGAxe1.CEL/022.png;100x44;Monster;Trogg med øks i kamp, del 1.
TROGGAxe1.CEL;23;26;13;4;16;TROGGAxe1.CEL/023.png;104x52;Monster;Trogg med øks i kamp, del 1.
TROGGAxe1.CEL;24;48;6;2;4;TROGGAxe1.CEL/024.png;192x24;Monster;Trogg med øks i kamp, del 1.
TROGGAxe1.CEL;25;29;56;4;16;TROGGAxe1.CEL/025.png;116x224;Monster;Trogg med øks i kamp, del 1.
TROGGAxe1.CEL;26;36;55;4;16;TROGGAxe1.CEL/026.png;144x220;Monster;Trogg med øks i kamp, del 1.
TROGGAxe1.CEL;27;26;33;4;16;TROGGAxe1.CEL/027.png;104x132;Monster;Trogg med øks i kamp, del 1.
TROGGAxe1.CEL;28;51;22;4;16;TROGGAxe1.CEL/028.png;204x88;Monster;Trogg med øks i kamp, del 1.
TROGGAxe1.CEL;29;28;60;4;16;TROGGAxe1.CEL/029.png;112x240;Monster;Trogg med øks i kamp, del 1.
TROGGAxe1.CEL;30;27;59;4;16;TROGGAxe1.CEL/030.png;108x236;Monster;Trogg med øks i kamp, del 1.
TROGGAxe1.CEL;31;25;59;4;16;TROGGAxe1.CEL/031.png;100x236;Monster;Trogg med øks i kamp, del 1.
TROGGAxe1.CEL;32;25;59;4;16;TROGGAxe1.CEL/032.png;100x236;Monster;Trogg med øks i kamp, del 1.
TROGGAxe1.CEL;33;31;59;4;16;TROGGAxe1.CEL/033.png;124x236;Monster;Trogg med øks i kamp, del 1.
TROGGAxe1.CEL;34;33;61;4;16;TROGGAxe1.CEL/034.png;132x244;Monster;Trogg med øks i kamp, del 1.
TROGGAxe1.CEL;35;34;61;4;16;TROGGAxe1.CEL/035.png;136x244;Monster;Trogg med øks i kamp, del 1.
TROGGAxe1.CEL;36;33;61;4;16;TROGGAxe1.CEL/036.png;132x244;Monster;Trogg med øks i kamp, del 1.
TROGGAxe2.CEL;0;41;50;4;16;TROGGAxe2.CEL/000.png;164x200;Monster;Trogg med øks i kamp, del 2.
TROGGAxe2.CEL;1;37;17;4;16;TROGGAxe2.CEL/001.png;148x68;Monster;Trogg med øks i kamp, del 2.
TROGGAxe2.CEL;2;11;7;4;16;TROGGAxe2.CEL/002.png;44x28;Monster;Trogg med øks i kamp, del 2.
TROGGAxe2.CEL;3;7;3;4;16;TROGGAxe2.CEL/003.png;28x12;Monster;Trogg med øks i kamp, del 2.
TROGGAxe2.CEL;4;8;11;4;16;TROGGAxe2.CEL/004.png;32x44;Monster;Trogg med øks i kamp, del 2.
TROGGAxe2.CEL;5;12;13;4;16;TROGGAxe2.CEL/005.png;48x52;Monster;Trogg med øks i kamp, del 2.
TROGGAxe2.CEL;6;12;7;4;16;TROGGAxe2.CEL/006.png;48x28;Monster;Trogg med øks i kamp, del 2.
TROGGAxe2.CEL;7;10;6;4;16;TROGGAxe2.CEL/007.png;40x24;Monster;Trogg med øks i kamp, del 2.
TROGGAxe2.CEL;8;19;10;4;16;TROGGAxe2.CEL/008.png;76x40;Monster;Trogg med øks i kamp, del 2.
TROGGAxe2.CEL;9;13;1;4;16;TROGGAxe2.CEL/009.png;52x4;Monster;Trogg med øks i kamp, del 2.
TROGGAxe2.CEL;10;21;2;4;16;TROGGAxe2.CEL/010.png;84x8;Monster;Trogg med øks i kamp, del 2.
TROGGAxe2.CEL;11;33;55;4;16;TROGGAxe2.CEL/011.png;132x220;Monster;Trogg med øks i kamp, del 2.
TROGGAxe2.CEL;12;46;9;4;16;TROGGAxe2.CEL/012.png;184x36;Monster;Trogg med øks i kamp, del 2.
TROGGAxe2.CEL;13;25;4;4;16;TROGGAxe2.CEL/013.png;100x16;Monster;Trogg med øks i kamp, del 2.
TROGGAxe2.CEL;14;23;7;4;16;TROGGAxe2.CEL/014.png;92x28;Monster;Trogg med øks i kamp, del 2.
TROGGAxe2.CEL;15;16;8;4;16;TROGGAxe2.CEL/015.png;64x32;Monster;Trogg med øks i kamp, del 2.
TROGGAxe2.CEL;16;52;47;4;16;TROGGAxe2.CEL/016.png;208x188;Monster;Trogg med øks i kamp, del 2.
TROGGAxe2.CEL;17;39;18;4;16;TROGGAxe2.CEL/017.png;156x72;Monster;Trogg med øks i kamp, del 2.
TROGGAxe2.CEL;18;17;23;4;16;TROGGAxe2.CEL/018.png;68x92;Monster;Trogg med øks i kamp, del 2.
TROGGAxe2.CEL;19;21;7;4;16;TROGGAxe2.CEL/019.png;84x28;Monster;Trogg med øks i kamp, del 2.
TROGGAxe2.CEL;20;24;8;4;16;TROGGAxe2.CEL/020.png;96x32;Monster;Trogg med øks i kamp, del 2.
TROGGAxe2.CEL;21;28;8;4;16;TROGGAxe2.CEL/021.png;112x32;Monster;Trogg med øks i kamp, del 2.
TROGGAxe2.CEL;22;31;22;4;16;TROGGAxe2.CEL/022.png;124x88;Monster;Trogg med øks i kamp, del 2.
TROGGAxe2.CEL;23;35;45;4;16;TROGGAxe2.CEL/023.png;140x180;Monster;Trogg med øks i kamp, del 2.
TROGGAxe2.CEL;24;59;8;4;16;TROGGAxe2.CEL/024.png;236x32;Monster;Trogg med øks i kamp, del 2.
TROGGAxe2.CEL;25;41;2;4;16;TROGGAxe2.CEL/025.png;164x8;Monster;Trogg med øks i kamp, del 2.
TROGGAxe2.CEL;26;82;18;4;16;TROGGAxe2.CEL/026.png;328x72;Monster;Trogg med øks i kamp, del 2.
TROGGAxe2.CEL;27;17;5;4;16;TROGGAxe2.CEL/027.png;68x20;Monster;Trogg med øks i kamp, del 2.
TROGGAxe2.CEL;28;17;13;4;16;TROGGAxe2.CEL/028.png;68x52;Monster;Trogg med øks i kamp, del 2.
TROGGAxe2.CEL;29;15;19;4;16;TROGGAxe2.CEL/029.png;60x76;Monster;Trogg med øks i kamp, del 2.
TROGGAxe2.CEL;30;15;19;4;16;TROGGAxe2.CEL/030.png;60x76;Monster;Trogg med øks i kamp, del 2.
TROGGAxe2.CEL;31;17;21;4;16;TROGGAxe2.CEL/031.png;68x84;Monster;Trogg med øks i kamp, del 2.
TROGGAxe2.CEL;32;24;20;4;16;TROGGAxe2.CEL/032.png;96x80;Monster;Trogg med øks i kamp, del 2.
TROGGAxe2.CEL;33;22;3;4;16;TROGGAxe2.CEL/033.png;88x12;Monster;Trogg med øks i kamp, del 2.
TROGGAxe2.CEL;34;13;16;4;16;TROGGAxe2.CEL/034.png;52x64;Monster;Trogg med øks i kamp, del 2.
TROGGAxe2.CEL;35;56;56;4;16;TROGGAxe2.CEL/035.png;224x224;Monster;Trogg med øks i kamp, del 2.
TROGGAxe2.CEL;36;45;79;4;16;TROGGAxe2.CEL/036.png;180x316;Monster;Trogg med øks i kamp, del 2.
TROGGAxe2.CEL;37;19;22;4;16;TROGGAxe2.CEL/037.png;76x88;Monster;Trogg med øks i kamp, del 2.
TROGGAxe2.CEL;38;45;58;4;16;TROGGAxe2.CEL/038.png;180x232;Monster;Trogg med øks i kamp, del 2.
TROGGAxe2.CEL;39;10;26;4;16;TROGGAxe2.CEL/039.png;40x104;Monster;Trogg med øks i kamp, del 2.
TROGGAxe2.CEL;40;31;20;4;16;TROGGAxe2.CEL/040.png;124x80;Monster;Trogg med øks i kamp, del 2.
TROGGAxe2.CEL;41;39;23;4;16;TROGGAxe2.CEL/041.png;156x92;Monster;Trogg med øks i kamp, del 2.
TROGGAxe2.CEL;42;40;22;4;16;TROGGAxe2.CEL/042.png;160x88;Monster;Trogg med øks i kamp, del 2.
TROGGAxe2.CEL;43;37;14;4;16;TROGGAxe2.CEL/043.png;148x56;Monster;Trogg med øks i kamp, del 2.
TROGGAxe2.CEL;44;55;25;4;16;TROGGAxe2.CEL/044.png;220x100;Monster;Trogg med øks i kamp, del 2.
TROGGAxe2.CEL;45;60;8;4;16;TROGGAxe2.CEL/045.png;240x32;Monster;Trogg med øks i kamp, del 2.
TROGGAxe2.CEL;46;56;17;4;16;TROGGAxe2.CEL/046.png;224x68;Monster;Trogg med øks i kamp, del 2.
TROGGAxe2.CEL;47;13;10;4;16;TROGGAxe2.CEL/047.png;52x40;Monster;Trogg med øks i kamp, del 2.
TROGGAxe2.CEL;48;56;20;4;16;TROGGAxe2.CEL/048.png;224x80;Monster;Trogg med øks i kamp, del 2.
TROGGAxe2.CEL;49;93;20;4;16;TROGGAxe2.CEL/049.png;372x80;Monster;Trogg med øks i kamp, del 2.
TROGGAxe2.CEL;50;47;18;2;4;TROGGAxe2.CEL/050.png;188x72;Monster;Trogg med øks i kamp, del 2.
TROGGAxe2.CEL;51;64;17;2;4;TROGGAxe2.CEL/051.png;256x68;Monster;Trogg med øks i kamp, del 2.
TROGGAxe2.CEL;52;45;26;2;4;TROGGAxe2.CEL/052.png;180x104;Monster;Trogg med øks i kamp, del 2.
TROGGAxe2.CEL;53;91;21;3;8;TROGGAxe2.CEL/053.png;364x84;Monster;Trogg med øks i kamp, del 2.
TROGGAxe2.CEL;54;8;51;3;8;TROGGAxe2.CEL/054.png;32x204;Monster;Trogg med øks i kamp, del 2.
TROGGAxe2.CEL;55;11;16;3;8;TROGGAxe2.CEL/055.png;44x64;Monster;Trogg med øks i kamp, del 2.
TROGGAxe2.CEL;56;37;12;3;8;TROGGAxe2.CEL/056.png;148x48;Monster;Trogg med øks i kamp, del 2.
TROGGAxe2.CEL;57;13;14;3;8;TROGGAxe2.CEL/057.png;52x56;Monster;Trogg med øks i kamp, del 2.
TROGGAxe2.CEL;58;37;6;3;8;TROGGAxe2.CEL/058.png;148x24;Monster;Trogg med øks i kamp, del 2.
TROGGAxe2.CEL;59;14;14;3;8;TROGGAxe2.CEL/059.png;56x56;Monster;Trogg med øks i kamp, del 2.
TROGGAxe2.CEL;60;14;42;3;8;TROGGAxe2.CEL/060.png;56x168;Monster;Trogg med øks i kamp, del 2.
TROGGAxe2.CEL;61;33;17;3;8;TROGGAxe2.CEL/061.png;132x68;Monster;Trogg med øks i kamp, del 2.
TROGGAxe2.CEL;62;35;22;4;16;TROGGAxe2.CEL/062.png;140x88;Monster;Trogg med øks i kamp, del 2.
TROGGAxe2.CEL;63;22;29;4;16;TROGGAxe2.CEL/063.png;88x116;Monster;Trogg med øks i kamp, del 2.
TROGGAxe2.CEL;64;37;11;3;8;TROGGAxe2.CEL/064.png;148x44;Monster;Trogg med øks i kamp, del 2.
TROGGAxe2.CEL;65;10;46;4;16;TROGGAxe2.CEL/065.png;40x184;Monster;Trogg med øks i kamp, del 2.
TROGGAxe2.CEL;66;14;46;4;16;TROGGAxe2.CEL/066.png;56x184;Monster;Trogg med øks i kamp, del 2.
TROGGAxe2.CEL;67;6;28;3;8;TROGGAxe2.CEL/067.png;24x112;Monster;Trogg med øks i kamp, del 2.
TROGGAxe2.CEL;68;33;29;3;8;TROGGAxe2.CEL/068.png;132x116;Monster;Trogg med øks i kamp, del 2.
TROGGAxe2.CEL;69;15;16;3;8;TROGGAxe2.CEL/069.png;60x64;Monster;Trogg med øks i kamp, del 2.
TROGGAxe2.CEL;70;35;14;3;8;TROGGAxe2.CEL/070.png;140x56;Monster;Trogg med øks i kamp, del 2.
TROGGAxe2.CEL;71;14;15;3;8;TROGGAxe2.CEL/071.png;56x60;Monster;Trogg med øks i kamp, del 2.
TROGGAxe2.CEL;72;38;11;3;8;TROGGAxe2.CEL/072.png;152x44;Monster;Trogg med øks i kamp, del 2.
TROGGAxe2.CEL;73;18;18;3;8;TROGGAxe2.CEL/073.png;72x72;Monster;Trogg med øks i kamp, del 2.
TROGGAxe2.CEL;74;15;41;3;8;TROGGAxe2.CEL/074.png;60x164;Monster;Trogg med øks i kamp, del 2.
TROGGAxe2.CEL;75;41;16;3;8;TROGGAxe2.CEL/075.png;164x64;Monster;Trogg med øks i kamp, del 2.
TROGGAxe2.CEL;76;39;21;3;8;TROGGAxe2.CEL/076.png;156x84;Monster;Trogg med øks i kamp, del 2.
TROGGAxe2.CEL;77;26;38;3;8;TROGGAxe2.CEL/077.png;104x152;Monster;Trogg med øks i kamp, del 2.
TROGGAxe2.CEL;78;40;15;3;8;TROGGAxe2.CEL/078.png;160x60;Monster;Trogg med øks i kamp, del 2.
TROGGAxe2.CEL;79;11;41;3;8;TROGGAxe2.CEL/079.png;44x164;Monster;Trogg med øks i kamp, del 2.
TROGGSpear1.CEL;0;29;56;4;16;TROGGSpear1.CEL/000.png;116x224;Monster;Trogg med spyd i kamp, del 1.
TROGGSpear1.CEL;1;36;55;4;16;TROGGSpear1.CEL/001.png;144x220;Monster;Trogg med spyd i kamp, del 1.
TROGGSpear1.CEL;2;26;33;4;16;TROGGSpear1.CEL/002.png;104x132;Monster;Trogg med spyd i kamp, del 1.
TROGGSpear1.CEL;3;51;22;4;16;TROGGSpear1.CEL/003.png;204x88;Monster;Trogg med spyd i kamp, del 1.
TROGGSpear1.CEL;4;28;60;4;16;TROGGSpear1.CEL/004.png;112x240;Monster;Trogg med spyd i kamp, del 1.
TROGGSpear1.CEL;5;27;59;4;16;TROGGSpear1.CEL/005.png;108x236;Monster;Trogg med spyd i kamp, del 1.
TROGGSpear1.CEL;6;25;59;4;16;TROGGSpear1.CEL/006.png;100x236;Monster;Trogg med spyd i kamp, del 1.
TROGGSpear1.CEL;7;25;59;4;16;TROGGSpear1.CEL/007.png;100x236;Monster;Trogg med spyd i kamp, del 1.
TROGGSpear1.CEL;8;31;59;4;16;TROGGSpear1.CEL/008.png;124x236;Monster;Trogg med spyd i kamp, del 1.
TROGGSpear1.CEL;9;33;61;4;16;TROGGSpear1.CEL/009.png;132x244;Monster;Trogg med spyd i kamp, del 1.
TROGGSpear1.CEL;10;34;61;4;16;TROGGSpear1.CEL/010.png;136x244;Monster;Trogg med spyd i kamp, del 1.
TROGGSpear1.CEL;11;33;61;4;16;TROGGSpear1.CEL/011.png;132x244;Monster;Trogg med spyd i kamp, del 1.
TROGGSpear1.CEL;12;28;29;4;16;TROGGSpear1.CEL/012.png;112x116;Monster;Trogg med spyd i kamp, del 1.
TROGGSpear1.CEL;13;47;29;4;16;TROGGSpear1.CEL/013.png;188x116;Monster;Trogg med spyd i kamp, del 1.
TROGGSpear1.CEL;14;24;36;4;16;TROGGSpear1.CEL/014.png;96x144;Monster;Trogg med spyd i kamp, del 1.
TROGGSpear1.CEL;15;35;49;4;16;TROGGSpear1.CEL/015.png;140x196;Monster;Trogg med spyd i kamp, del 1.
TROGGSpear1.CEL;16;13;12;4;16;TROGGSpear1.CEL/016.png;52x48;Monster;Trogg med spyd i kamp, del 1.
TROGGSpear1.CEL;17;13;3;2;4;TROGGSpear1.CEL/017.png;52x12;Monster;Trogg med spyd i kamp, del 1.
TROGGSpear1.CEL;18;52;9;2;4;TROGGSpear1.CEL/018.png;208x36;Monster;Trogg med spyd i kamp, del 1.
TROGGSpear1.CEL;19;26;52;4;16;TROGGSpear1.CEL/019.png;104x208;Monster;Trogg med spyd i kamp, del 1.
TROGGSpear1.CEL;20;22;23;4;16;TROGGSpear1.CEL/020.png;88x92;Monster;Trogg med spyd i kamp, del 1.
TROGGSpear1.CEL;21;15;18;3;8;TROGGSpear1.CEL/021.png;60x72;Monster;Trogg med spyd i kamp, del 1.
TROGGSpear1.CEL;22;33;28;4;16;TROGGSpear1.CEL/022.png;132x112;Monster;Trogg med spyd i kamp, del 1.
TROGGSpear1.CEL;23;41;32;4;16;TROGGSpear1.CEL/023.png;164x128;Monster;Trogg med spyd i kamp, del 1.
TROGGSpear1.CEL;24;27;7;2;4;TROGGSpear1.CEL/024.png;108x28;Monster;Trogg med spyd i kamp, del 1.
TROGGSpear1.CEL;25;27;25;4;16;TROGGSpear1.CEL/025.png;108x100;Monster;Trogg med spyd i kamp, del 1.
TROGGSpear1.CEL;26;18;31;4;16;TROGGSpear1.CEL/026.png;72x124;Monster;Trogg med spyd i kamp, del 1.
TROGGSpear1.CEL;27;34;34;4;16;TROGGSpear1.CEL/027.png;136x136;Monster;Trogg med spyd i kamp, del 1.
TROGGSpear1.CEL;28;42;74;4;16;TROGGSpear1.CEL/028.png;168x296;Monster;Trogg med spyd i kamp, del 1.
TROGGSpear1.CEL;29;24;43;4;16;TROGGSpear1.CEL/029.png;96x172;Monster;Trogg med spyd i kamp, del 1.
TROGGSpear1.CEL;30;16;57;4;16;TROGGSpear1.CEL/030.png;64x228;Monster;Trogg med spyd i kamp, del 1.
TROGGSpear1.CEL;31;18;4;2;4;TROGGSpear1.CEL/031.png;72x16;Monster;Trogg med spyd i kamp, del 1.
TROGGSpear1.CEL;32;2;37;2;4;TROGGSpear1.CEL/032.png;8x148;Monster;Trogg med spyd i kamp, del 1.
TROGGSpear1.CEL;33;26;27;4;16;TROGGSpear1.CEL/033.png;104x108;Monster;Trogg med spyd i kamp, del 1.
TROGGSpear1.CEL;34;14;42;4;16;TROGGSpear1.CEL/034.png;56x168;Monster;Trogg med spyd i kamp, del 1.
TROGGSpear1.CEL;35;15;76;4;16;TROGGSpear1.CEL/035.png;60x304;Monster;Trogg med spyd i kamp, del 1.
TROGGSpear1.CEL;36;16;88;4;16;TROGGSpear1.CEL/036.png;64x352;Monster;Trogg med spyd i kamp, del 1.
TROGGSpear1.CEL;37;16;17;4;16;TROGGSpear1.CEL/037.png;64x68;Monster;Trogg med spyd i kamp, del 1.
TROGGSpear1.CEL;38;36;18;4;16;TROGGSpear1.CEL/038.png;144x72;Monster;Trogg med spyd i kamp, del 1.
TROGGSpear1.CEL;39;39;11;4;16;TROGGSpear1.CEL/039.png;156x44;Monster;Trogg med spyd i kamp, del 1.
TROGGSpear1.CEL;40;44;2;4;16;TROGGSpear1.CEL/040.png;176x8;Monster;Trogg med spyd i kamp, del 1.
TROGGSpear2.CEL;0;41;50;4;16;TROGGSpear2.CEL/000.png;164x200;Monster;Trogg med spyd i kamp, del 2.
TROGGSpear2.CEL;1;37;17;4;16;TROGGSpear2.CEL/001.png;148x68;Monster;Trogg med spyd i kamp, del 2.
TROGGSpear2.CEL;2;11;7;4;16;TROGGSpear2.CEL/002.png;44x28;Monster;Trogg med spyd i kamp, del 2.
TROGGSpear2.CEL;3;7;3;4;16;TROGGSpear2.CEL/003.png;28x12;Monster;Trogg med spyd i kamp, del 2.
TROGGSpear2.CEL;4;8;11;4;16;TROGGSpear2.CEL/004.png;32x44;Monster;Trogg med spyd i kamp, del 2.
TROGGSpear2.CEL;5;12;13;4;16;TROGGSpear2.CEL/005.png;48x52;Monster;Trogg med spyd i kamp, del 2.
TROGGSpear2.CEL;6;12;7;4;16;TROGGSpear2.CEL/006.png;48x28;Monster;Trogg med spyd i kamp, del 2.
TROGGSpear2.CEL;7;10;6;4;16;TROGGSpear2.CEL/007.png;40x24;Monster;Trogg med spyd i kamp, del 2.
TROGGSpear2.CEL;8;19;10;4;16;TROGGSpear2.CEL/008.png;76x40;Monster;Trogg med spyd i kamp, del 2.
TROGGSpear2.CEL;9;13;1;4;16;TROGGSpear2.CEL/009.png;52x4;Monster;Trogg med spyd i kamp, del 2.
TROGGSpear2.CEL;10;21;2;4;16;TROGGSpear2.CEL/010.png;84x8;Monster;Trogg med spyd i kamp, del 2.
TROGGSpear2.CEL;11;33;55;4;16;TROGGSpear2.CEL/011.png;132x220;Monster;Trogg med spyd i kamp, del 2.
TROGGSpear2.CEL;12;46;9;4;16;TROGGSpear2.CEL/012.png;184x36;Monster;Trogg med spyd i kamp, del 2.
TROGGSpear2.CEL;13;25;4;4;16;TROGGSpear2.CEL/013.png;100x16;Monster;Trogg med spyd i kamp, del 2.
TROGGSpear2.CEL;14;23;7;4;16;TROGGSpear2.CEL/014.png;92x28;Monster;Trogg med spyd i kamp, del 2.
TROGGSpear2.CEL;15;16;8;4;16;TROGGSpear2.CEL/015.png;64x32;Monster;Trogg med spyd i kamp, del 2.
TROGGSpear2.CEL;16;52;47;4;16;TROGGSpear2.CEL/016.png;208x188;Monster;Trogg med spyd i kamp, del 2.
TROGGSpear2.CEL;17;39;18;4;16;TROGGSpear2.CEL/017.png;156x72;Monster;Trogg med spyd i kamp, del 2.
TROGGSpear2.CEL;18;17;23;4;16;TROGGSpear2.CEL/018.png;68x92;Monster;Trogg med spyd i kamp, del 2.
TROGGSpear2.CEL;19;21;7;4;16;TROGGSpear2.CEL/019.png;84x28;Monster;Trogg med spyd i kamp, del 2.
TROGGSpear2.CEL;20;24;8;4;16;TROGGSpear2.CEL/020.png;96x32;Monster;Trogg med spyd i kamp, del 2.
TROGGSpear2.CEL;21;28;8;4;16;TROGGSpear2.CEL/021.png;112x32;Monster;Trogg med spyd i kamp, del 2.
TROGGSpear2.CEL;22;31;22;4;16;TROGGSpear2.CEL/022.png;124x88;Monster;Trogg med spyd i kamp, del 2.
TROGGSpear2.CEL;23;35;45;4;16;TROGGSpear2.CEL/023.png;140x180;Monster;Trogg med spyd i kamp, del 2.
TROGGSpear2.CEL;24;59;8;4;16;TROGGSpear2.CEL/024.png;236x32;Monster;Trogg med spyd i kamp, del 2.
TROGGSpear2.CEL;25;41;2;4;16;TROGGSpear2.CEL/025.png;164x8;Monster;Trogg med spyd i kamp, del 2.
TROGGSpear2.CEL;26;82;18;4;16;TROGGSpear2.CEL/026.png;328x72;Monster;Trogg med spyd i kamp, del 2.
TROGGSpear2.CEL;27;17;5;4;16;TROGGSpear2.CEL/027.png;68x20;Monster;Trogg med spyd i kamp, del 2.
TROGGSpear2.CEL;28;17;13;4;16;TROGGSpear2.CEL/028.png;68x52;Monster;Trogg med spyd i kamp, del 2.
TROGGSpear2.CEL;29;15;19;4;16;TROGGSpear2.CEL/029.png;60x76;Monster;Trogg med spyd i kamp, del 2.
TROGGSpear2.CEL;30;15;19;4;16;TROGGSpear2.CEL/030.png;60x76;Monster;Trogg med spyd i kamp, del 2.
TROGGSpear2.CEL;31;17;21;4;16;TROGGSpear2.CEL/031.png;68x84;Monster;Trogg med spyd i kamp, del 2.
TROGGSpear2.CEL;32;24;20;4;16;TROGGSpear2.CEL/032.png;96x80;Monster;Trogg med spyd i kamp, del 2.
TROGGSpear2.CEL;33;22;3;4;16;TROGGSpear2.CEL/033.png;88x12;Monster;Trogg med spyd i kamp, del 2.
TROGGSpear2.CEL;34;13;16;4;16;TROGGSpear2.CEL/034.png;52x64;Monster;Trogg med spyd i kamp, del 2.
TROGGSpear2.CEL;35;56;56;4;16;TROGGSpear2.CEL/035.png;224x224;Monster;Trogg med spyd i kamp, del 2.
TROGGSpear2.CEL;36;45;79;4;16;TROGGSpear2.CEL/036.png;180x316;Monster;Trogg med spyd i kamp, del 2.
TROGGSpear2.CEL;37;19;22;4;16;TROGGSpear2.CEL/037.png;76x88;Monster;Trogg med spyd i kamp, del 2.
TROGGSpear2.CEL;38;45;58;4;16;TROGGSpear2.CEL/038.png;180x232;Monster;Trogg med spyd i kamp, del 2.
TROGGSpear2.CEL;39;10;26;4;16;TROGGSpear2.CEL/039.png;40x104;Monster;Trogg med spyd i kamp, del 2.
TROGGSpear2.CEL;40;31;20;4;16;TROGGSpear2.CEL/040.png;124x80;Monster;Trogg med spyd i kamp, del 2.
TROGGSpear2.CEL;41;39;23;4;16;TROGGSpear2.CEL/041.png;156x92;Monster;Trogg med spyd i kamp, del 2.
TROGGSpear2.CEL;42;40;22;4;16;TROGGSpear2.CEL/042.png;160x88;Monster;Trogg med spyd i kamp, del 2.
TROGGSpear2.CEL;43;37;14;4;16;TROGGSpear2.CEL/043.png;148x56;Monster;Trogg med spyd i kamp, del 2.
TROGGSpear2.CEL;44;55;25;4;16;TROGGSpear2.CEL/044.png;220x100;Monster;Trogg med spyd i kamp, del 2.
TROGGSpear2.CEL;45;60;8;4;16;TROGGSpear2.CEL/045.png;240x32;Monster;Trogg med spyd i kamp, del 2.
TROGGSpear2.CEL;46;56;17;4;16;TROGGSpear2.CEL/046.png;224x68;Monster;Trogg med spyd i kamp, del 2.
TROGGSpear2.CEL;47;13;10;4;16;TROGGSpear2.CEL/047.png;52x40;Monster;Trogg med spyd i kamp, del 2.
TROGGSpear2.CEL;48;56;20;4;16;TROGGSpear2.CEL/048.png;224x80;Monster;Trogg med spyd i kamp, del 2.
TROGGSpear2.CEL;49;93;20;4;16;TROGGSpear2.CEL/049.png;372x80;Monster;Trogg med spyd i kamp, del 2.
TROGGSpear2.CEL;50;40;28;4;16;TROGGSpear2.CEL/050.png;160x112;Monster;Trogg med spyd i kamp, del 2.
TROGGSpear2.CEL;51;40;24;4;16;TROGGSpear2.CEL/051.png;160x96;Monster;Trogg med spyd i kamp, del 2.
TROGGSpear2.CEL;52;36;4;3;8;TROGGSpear2.CEL/052.png;144x16;Monster;Trogg med spyd i kamp, del 2.
TROGGSpear2.CEL;53;78;6;2;4;TROGGSpear2.CEL/053.png;312x24;Monster;Trogg med spyd i kamp, del 2.
TROGGSpear2.CEL;54;47;44;4;16;TROGGSpear2.CEL/054.png;188x176;Monster;Trogg med spyd i kamp, del 2.
TROGGSpear2.CEL;55;34;2;2;4;TROGGSpear2.CEL/055.png;136x8;Monster;Trogg med spyd i kamp, del 2.
TROGGSpear2.CEL;56;21;4;3;8;TROGGSpear2.CEL/056.png;84x16;Monster;Trogg med spyd i kamp, del 2.
TROGGSpear2.CEL;57;102;6;2;4;TROGGSpear2.CEL/057.png;408x24;Monster;Trogg med spyd i kamp, del 2.
TROGGSpear2.CEL;58;59;25;4;16;TROGGSpear2.CEL/058.png;236x100;Monster;Trogg med spyd i kamp, del 2.
TROGGSpear2.CEL;59;23;2;2;4;TROGGSpear2.CEL/059.png;92x8;Monster;Trogg med spyd i kamp, del 2.
TROGGSpear2.CEL;60;32;4;3;8;TROGGSpear2.CEL/060.png;128x16;Monster;Trogg med spyd i kamp, del 2.
TROGGSpear2.CEL;61;47;13;4;16;TROGGSpear2.CEL/061.png;188x52;Monster;Trogg med spyd i kamp, del 2.
TROGGSpear2.CEL;62;4;80;3;8;TROGGSpear2.CEL/062.png;16x320;Monster;Trogg med spyd i kamp, del 2.
TROGGSpear2.CEL;63;30;31;3;8;TROGGSpear2.CEL/063.png;120x124;Monster;Trogg med spyd i kamp, del 2.
TROGGSpear2.CEL;64;28;28;2;4;TROGGSpear2.CEL/064.png;112x112;Monster;Trogg med spyd i kamp, del 2.
TROGGSpear2.CEL;65;126;10;3;8;TROGGSpear2.CEL/065.png;504x40;Monster;Trogg med spyd i kamp, del 2.
TROGGSpear2.CEL;66;8;5;4;16;TROGGSpear2.CEL/066.png;32x20;Monster;Trogg med spyd i kamp, del 2.
TROLL1.CEL;0;33;52;5;32;TROLL1.CEL/000.png;132x208;Monster;Trollet i kamp, del 1.
TROLL1.CEL;1;33;10;4;16;TROLL1.CEL/001.png;132x40;Monster;Trollet i kamp, del 1.
TROLL1.CEL;2;47;55;5;32;TROLL1.CEL/002.png;188x220;Monster;Trollet i kamp, del 1.
TROLL1.CEL;3;62;55;5;32;TROLL1.CEL/003.png;248x220;Monster;Trollet i kamp, del 1.
TROLL1.CEL;4;40;55;5;32;TROLL1.CEL/004.png;160x220;Monster;Trollet i kamp, del 1.
TROLL1.CEL;5;54;56;5;32;TROLL1.CEL/005.png;216x224;Monster;Trollet i kamp, del 1.
TROLL1.CEL;6;59;49;5;32;TROLL1.CEL/006.png;236x196;Monster;Trollet i kamp, del 1.
TROLL1.CEL;7;25;36;5;32;TROLL1.CEL/007.png;100x144;Monster;Trollet i kamp, del 1.
TROLL1.CEL;8;51;11;5;32;TROLL1.CEL/008.png;204x44;Monster;Trollet i kamp, del 1.
TROLL1.CEL;9;22;39;4;16;TROLL1.CEL/009.png;88x156;Monster;Trollet i kamp, del 1.
TROLL1.CEL;10;36;27;5;32;TROLL1.CEL/010.png;144x108;Monster;Trollet i kamp, del 1.
TROLL1.CEL;11;43;25;5;32;TROLL1.CEL/011.png;172x100;Monster;Trollet i kamp, del 1.
TROLL1.CEL;12;11;5;2;4;TROLL1.CEL/012.png;44x20;Monster;Trollet i kamp, del 1.
TROLL1.CEL;13;45;92;5;32;TROLL1.CEL/013.png;180x368;Monster;Trollet i kamp, del 1.
TROLL1.CEL;14;28;17;5;32;TROLL1.CEL/014.png;112x68;Monster;Trollet i kamp, del 1.
TROLL1.CEL;15;33;10;4;16;TROLL1.CEL/015.png;132x40;Monster;Trollet i kamp, del 1.
TROLL1.CEL;16;39;74;5;32;TROLL1.CEL/016.png;156x296;Monster;Trollet i kamp, del 1.
TROLL1.CEL;17;16;32;4;16;TROLL1.CEL/017.png;64x128;Monster;Trollet i kamp, del 1.
TROLL1.CEL;18;20;16;5;32;TROLL1.CEL/018.png;80x64;Monster;Trollet i kamp, del 1.
TROLL1.CEL;19;58;9;4;16;TROLL1.CEL/019.png;232x36;Monster;Trollet i kamp, del 1.
TROLL1.CEL;20;48;14;4;16;TROLL1.CEL/020.png;192x56;Monster;Trollet i kamp, del 1.
TROLL1.CEL;21;44;29;5;32;TROLL1.CEL/021.png;176x116;Monster;Trollet i kamp, del 1.
TROLL1.CEL;22;30;40;4;16;TROLL1.CEL/022.png;120x160;Monster;Trollet i kamp, del 1.
TROLL1.CEL;23;34;40;5;32;TROLL1.CEL/023.png;136x160;Monster;Trollet i kamp, del 1.
TROLL1.CEL;24;18;18;4;16;TROLL1.CEL/024.png;72x72;Monster;Trollet i kamp, del 1.
TROLL1.CEL;25;17;22;4;16;TROLL1.CEL/025.png;68x88;Monster;Trollet i kamp, del 1.
TROLL1.CEL;26;20;24;5;32;TROLL1.CEL/026.png;80x96;Monster;Trollet i kamp, del 1.
TROLL1.CEL;27;19;27;4;16;TROLL1.CEL/027.png;76x108;Monster;Trollet i kamp, del 1.
TROLL1.CEL;28;24;37;4;16;TROLL1.CEL/028.png;96x148;Monster;Trollet i kamp, del 1.
TROLL1.CEL;29;82;14;5;32;TROLL1.CEL/029.png;328x56;Monster;Trollet i kamp, del 1.
TROLL1.CEL;30;27;21;4;16;TROLL1.CEL/030.png;108x84;Monster;Trollet i kamp, del 1.
TROLL1.CEL;31;28;24;5;32;TROLL1.CEL/031.png;112x96;Monster;Trollet i kamp, del 1.
TROLL1.CEL;32;34;30;5;32;TROLL1.CEL/032.png;136x120;Monster;Trollet i kamp, del 1.
TROLL1.CEL;33;34;55;5;32;TROLL1.CEL/033.png;136x220;Monster;Trollet i kamp, del 1.
TROLL1.CEL;34;72;10;5;32;TROLL1.CEL/034.png;288x40;Monster;Trollet i kamp, del 1.
TROLL1.CEL;35;13;56;5;32;TROLL1.CEL/035.png;52x224;Monster;Trollet i kamp, del 1.
TROLL1.CEL;36;18;53;3;8;TROLL1.CEL/036.png;72x212;Monster;Trollet i kamp, del 1.
TROLL1.CEL;37;47;39;5;32;TROLL1.CEL/037.png;188x156;Monster;Trollet i kamp, del 1.
TROLL1.CEL;38;23;58;4;16;TROLL1.CEL/038.png;92x232;Monster;Trollet i kamp, del 1.
TROLL1.CEL;39;32;42;5;32;TROLL1.CEL/039.png;128x168;Monster;Trollet i kamp, del 1.
TROLL1.CEL;40;76;10;5;32;TROLL1.CEL/040.png;304x40;Monster;Trollet i kamp, del 1.
TROLL1.CEL;41;74;7;3;8;TROLL1.CEL/041.png;296x28;Monster;Trollet i kamp, del 1.
TROLL1.CEL;42;43;16;3;8;TROLL1.CEL/042.png;172x64;Monster;Trollet i kamp, del 1.
TROLL1.CEL;43;35;22;3;8;TROLL1.CEL/043.png;140x88;Monster;Trollet i kamp, del 1.
TROLL1.CEL;44;14;10;1;2;TROLL1.CEL/044.png;56x40;Monster;Trollet i kamp, del 1.
TROLL1.CEL;45;15;18;1;2;TROLL1.CEL/045.png;60x72;Monster;Trollet i kamp, del 1.
TROLL1.CEL;46;18;21;2;4;TROLL1.CEL/046.png;72x84;Monster;Trollet i kamp, del 1.
TROLL1.CEL;47;24;27;3;8;TROLL1.CEL/047.png;96x108;Monster;Trollet i kamp, del 1.
TROLL2.CEL;0;25;29;5;32;TROLL2.CEL/000.png;100x116;Monster;Trollet i kamp, del 2.
TROLL2.CEL;1;86;51;5;32;TROLL2.CEL/001.png;344x204;Monster;Trollet i kamp, del 2.
TROLL2.CEL;2;55;19;5;32;TROLL2.CEL/002.png;220x76;Monster;Trollet i kamp, del 2.
TROLL2.CEL;3;19;13;4;16;TROLL2.CEL/003.png;76x52;Monster;Trollet i kamp, del 2.
TROLL2.CEL;4;43;15;4;16;TROLL2.CEL/004.png;172x60;Monster;Trollet i kamp, del 2.
TROLL2.CEL;5;34;60;5;32;TROLL2.CEL/005.png;136x240;Monster;Trollet i kamp, del 2.
TROLL2.CEL;6;50;12;5;32;TROLL2.CEL/006.png;200x48;Monster;Trollet i kamp, del 2.
TROLL2.CEL;7;37;45;4;16;TROLL2.CEL/007.png;148x180;Monster;Trollet i kamp, del 2.
TROLL2.CEL;8;20;27;5;32;TROLL2.CEL/008.png;80x108;Monster;Trollet i kamp, del 2.
TROLL2.CEL;9;24;40;5;32;TROLL2.CEL/009.png;96x160;Monster;Trollet i kamp, del 2.
TROLL2.CEL;10;54;12;5;32;TROLL2.CEL/010.png;216x48;Monster;Trollet i kamp, del 2.
TROLL2.CEL;11;41;14;5;32;TROLL2.CEL/011.png;164x56;Monster;Trollet i kamp, del 2.
TROLL2.CEL;12;63;51;4;16;TROLL2.CEL/012.png;252x204;Monster;Trollet i kamp, del 2.
TROLL2.CEL;13;60;13;4;16;TROLL2.CEL/013.png;240x52;Monster;Trollet i kamp, del 2.
TROLL2.CEL;14;80;15;5;32;TROLL2.CEL/014.png;320x60;Monster;Trollet i kamp, del 2.
TROLL2.CEL;15;47;24;4;16;TROLL2.CEL/015.png;188x96;Monster;Trollet i kamp, del 2.
WaterDeep.PIV;0;320;200;5;32;bg/HASH.png (Lagre bakgrunnen);1280x800;By;Byen Waterdeep, med menyen til høyre (Mythrid the Mystic i stedet for templet).
Wi1.C;0;30;39;5;32;Wi1.C/000.png;120x156;Sted;Trollmannen Math (figurer).
Wi1.C;1;28;37;5;32;Wi1.C/001.png;112x148;Sted;Trollmannen Math (figurer).
Wi1.C;2;28;31;5;32;Wi1.C/002.png;112x124;Sted;Trollmannen Math (figurer).
Wi1.C;3;38;13;4;16;Wi1.C/003.png;152x52;Sted;Trollmannen Math (figurer).
Wi1.C;4;38;13;4;16;Wi1.C/004.png;152x52;Sted;Trollmannen Math (figurer).
Wi1.C;5;46;48;5;32;Wi1.C/005.png;184x192;Sted;Trollmannen Math (figurer).
Wi1.C;6;13;28;5;32;Wi1.C/006.png;52x112;Sted;Trollmannen Math (figurer).
Wi1.C;7;40;32;5;32;Wi1.C/007.png;160x128;Sted;Trollmannen Math (figurer).
Wi1.C;8;3;3;0;0;Wi1.C/008.png;12x12;Sted;Trollmannen Math (figurer).
Wi1.C;9;3;3;0;0;Wi1.C/009.png;12x12;Sted;Trollmannen Math (figurer).
Wi1.C;10;46;48;5;32;Wi1.C/010.png;184x192;Sted;Trollmannen Math (figurer).
Wi1.C;11;13;28;5;32;Wi1.C/011.png;52x112;Sted;Trollmannen Math (figurer).
Wi1.C;12;40;32;5;32;Wi1.C/012.png;160x128;Sted;Trollmannen Math (figurer).
Wi1.C;13;3;3;0;0;Wi1.C/013.png;12x12;Sted;Trollmannen Math (figurer).
Wi1.C;14;3;3;0;0;Wi1.C/014.png;12x12;Sted;Trollmannen Math (figurer).
Wi1.C;15;55;59;4;16;Wi1.C/015.png;220x236;Sted;Trollmannen Math (figurer).
Wi1.C;16;39;8;4;16;Wi1.C/016.png;156x32;Sted;Trollmannen Math (figurer).
Wi1.C;17;60;59;4;16;Wi1.C/017.png;240x236;Sted;Trollmannen Math (figurer).
Wi1.C;18;49;9;4;16;Wi1.C/018.png;196x36;Sted;Trollmannen Math (figurer).
Wi1.C;19;60;59;4;16;Wi1.C/019.png;240x236;Sted;Trollmannen Math (figurer).
Wi1.C;20;47;10;4;16;Wi1.C/020.png;188x40;Sted;Trollmannen Math (figurer).
WI1.P;0;320;200;5;32;bg/HASH.png (Lagre bakgrunnen);1280x800;Sted;Trollmannen Math i tårnet (innsiden).
WI2.P;0;320;200;5;32;bg/HASH.png (Lagre bakgrunnen);1280x800;Sted;Tårnet til trollmannen sett utenfra, i fjellene.
